state,state_po,candidate,party_simplified,candidatevotes,totalvotes
Alabama,AL,"BIDEN, JOSEPH R. JR",DEMOCRAT,849624,2323282
Alabama,AL,"TRUMP, DONALD J.",REPUBLICAN,1441170,2323282
Alabama,AL,"JORGENSEN, JO",LIBERTARIAN,25176,2323282
Alabama,AL,,OTHER,7312,2323282
Alaska,AK,"BIDEN, JOSEPH R. JR",DEMOCRAT,153778,359530
Alaska,AK,"TRUMP, DONALD J.",REPUBLICAN,189951,359530
Alaska,AK,"JORGENSEN, JO",LIBERTARIAN,8897,359530
Alaska,AK,"DE LA FUENTE, ROQUE """"ROCKY""""",OTHER,318,359530
Alaska,AK,"PIERCE, BROCK",OTHER,825,359530
Alaska,AK,"JANOS, JAMES G. ""JESSE VENTURA""",OTHER,2673,359530
Alaska,AK,"BLANKENSHIP, DON",OTHER,1127,359530
Alaska,AK,,OTHER,1961,359530
Arizona,AZ,"BIDEN, JOSEPH R. JR",DEMOCRAT,1672143,3387326
Arizona,AZ,"TRUMP, DONALD J.",REPUBLICAN,1661686,3387326
Arizona,AZ,"JORGENSEN, JO",LIBERTARIAN,51465,3387326
Arizona,AZ,"LA RIVA, GLORIA ESTELLA",OTHER,190,3387326
Arizona,AZ,"CUMMINGS, DANIEL CLYDE",OTHER,36,3387326
Arizona,AZ,"SIMMONS, JADE",OTHER,236,3387326
Arizona,AZ,"BODDIE, R. PRESIDENT",OTHER,13,3387326
Arizona,AZ,"HAWKINS, HOWIE",OTHER,1557,3387326
Arkansas,AR,"CARROLL, BRIAN",OTHER,1713,1219069
Arkansas,AR,"BLANKENSHIP, DON",OTHER,2108,1219069
Arkansas,AR,"BIDEN, JOSEPH R. JR",DEMOCRAT,423932,1219069
Arkansas,AR,"HAWKINS, HOWIE",OTHER,2980,1219069
Arkansas,AR,"PIERCE, BROCK",OTHER,2141,1219069
Arkansas,AR,"GAMMON, C. L.",OTHER,1475,1219069
Arkansas,AR,"WEST, KANYE",OTHER,4099,1219069
Arkansas,AR,"COLLINS, PHIL",OTHER,2812,1219069
Arkansas,AR,"DE LA FUENTE, ROQUE """"ROCKY""""",OTHER,1321,1219069
Arkansas,AR,"JORGENSEN, JO",LIBERTARIAN,13133,1219069
Arkansas,AR,"MYERS, JOHN RICHARD",OTHER,1372,1219069
Arkansas,AR,"TRUMP, DONALD J.",REPUBLICAN,760647,1219069
Arkansas,AR,"LA RIVA, GLORIA ESTELLA",OTHER,1336,1219069
California,CA,"BIDEN, JOSEPH R. JR",DEMOCRAT,11110250,17500881
California,CA,"TRUMP, DONALD J.",REPUBLICAN,6006429,17500881
California,CA,"JORGENSEN, JO",LIBERTARIAN,187895,17500881
California,CA,"HAWKINS, HOWIE",OTHER,81029,17500881
California,CA,"DE LA FUENTE, ROQUE """"ROCKY""""",OTHER,60160,17500881
California,CA,"LA RIVA, GLORIA ESTELLA",OTHER,51037,17500881
California,CA,"CARROLL, BRIAN",OTHER,2605,17500881
California,CA,"JANOS, JAMES G. ""JESSE VENTURA""",OTHER,611,17500881
California,CA,MARK CHARLES,OTHER,559,17500881
California,CA,"PIERCE, BROCK",OTHER,185,17500881
California,CA,JOSEPH KISHORE,OTHER,121,17500881
Colorado,CO,"BIDEN, JOSEPH R. JR",DEMOCRAT,1804352,3279980
Colorado,CO,"TRUMP, DONALD J.",REPUBLICAN,1364607,3279980
Colorado,CO,"JORGENSEN, JO",LIBERTARIAN,52460,3279980
Colorado,CO,"HAWKINS, HOWIE",OTHER,8986,3279980
Colorado,CO,"LA RIVA, GLORIA ESTELLA",OTHER,1035,3279980
Colorado,CO,"DE LA FUENTE, ROQUE """"ROCKY""""",OTHER,636,3279980
Colorado,CO,"PIERCE, BROCK",OTHER,572,3279980
Colorado,CO,"WEST, KANYE",OTHER,8089,3279980
Colorado,CO,"BLANKENSHIP, DON",OTHER,5061,3279980
Colorado,CO,"HAMMONS, BILL",OTHER,2730,3279980
Colorado,CO,"HUBER, BLAKE",OTHER,355,3279980
Colorado,CO,"CARROLL, BRIAN",OTHER,25515,3279980
Colorado,CO,"CHARLES, MARK",OTHER,2011,3279980
Colorado,CO,"COLLINS, PHIL",OTHER,568,3279980
Colorado,CO,"HUNTER, PHIL",OTHER,379,3279980
Colorado,CO,"JACOB?FAMBRO, PRINCESS KHADIJAH MARYAM",OTHER,495,3279980
Colorado,CO,"KENNEDY, ALYSON",OTHER,354,3279980
Colorado,CO,"KISHORE, JOSEPH",OTHER,196,3279980
Colorado,CO,"KOPITKE, KYLE KENLEY",OTHER,762,3279980
Colorado,CO,"MCHUGH, JOE",OTHER,614,3279980
Colorado,CO,"SCOTT, JORDAN ""CANCER""",OTHER,175,3279980
Colorado,CO,"CELLA, TODD",OTHER,4,3279980
Colorado,CO,"HOEFLING, TOM",OTHER,24,3279980
Connecticut,CT,"BIDEN, JOSEPH R. JR",DEMOCRAT,1080831,1823857
Connecticut,CT,"TRUMP, DONALD J.",REPUBLICAN,714717,1823857
Connecticut,CT,"JORGENSEN, JO",LIBERTARIAN,20230,1823857
Connecticut,CT,"HAWKINS, HOWIE",OTHER,7538,1823857
Connecticut,CT,"CARROLL, BRIAN",OTHER,219,1823857
Connecticut,CT,"CHARLES, MARK",OTHER,11,1823857
Connecticut,CT,"KLOJZY, JEFFREY J.",OTHER,0,1823857
Connecticut,CT,"WEINSTEIN, KARYNN KRILL",OTHER,1,1823857
Connecticut,CT,"WELLS, KASEY",OTHER,6,1823857
Connecticut,CT,"SIMMONS, MARY RUTH CARO",OTHER,2,1823857
Connecticut,CT,"DE LA FUENTE, ROQUE """"ROCKY""""",OTHER,13,1823857
Connecticut,CT,"HOWARD, SHAWN W.",OTHER,12,1823857
Connecticut,CT,"SIMMONS, JADE",OTHER,22,1823857
Connecticut,CT,"WEST, KANYE",OTHER,255,1823857
Delaware,DE,"BELLAR, BARBARA",OTHER,7,504346
Delaware,DE,"CARROLL, BRIAN",OTHER,87,504346
Delaware,DE,"PIERCE, BROCK",OTHER,5,504346
Delaware,DE,"ROUSE, DEBORAH",OTHER,1,504346
Delaware,DE,"BALL, DENNIS ANDREW",OTHER,3,504346
Delaware,DE,"LA RIVA, GLORIA ESTELLA",OTHER,14,504346
Delaware,DE,"SIMMONS, JADE",OTHER,28,504346
Delaware,DE,"WEST, KANYE",OTHER,169,504346
Delaware,DE,"WELLS, KASEY",OTHER,1,504346
Delaware,DE,"GIBSON, KATHRYN",OTHER,1,504346
Delaware,DE,"CHARLES, MARK",OTHER,8,504346
Delaware,DE,"WILLIAMS, MITCHELL",OTHER,2,504346
Delaware,DE,"BODDIE, R. PRESIDENT",OTHER,1,504346
Delaware,DE,"JACOB?FAMBRO, PRINCESS KHADIJAH MARYAM",OTHER,2,504346
Delaware,DE,"HOWARD, SHAWN W.",OTHER,4,504346
Delaware,DE,"CELLA, TODD",OTHER,2,504346
Delaware,DE,"HOEFLING, TOM",OTHER,1,504346
Delaware,DE,"BIDEN, JOSEPH R. JR",DEMOCRAT,296268,504346
Delaware,DE,"TRUMP, DONALD J.",REPUBLICAN,200603,504346
Delaware,DE,"JORGENSEN, JO",LIBERTARIAN,5000,504346
Delaware,DE,"HAWKINS, HOWIE",OTHER,2139,504346
District Of Columbia,DC,"BIDEN, JOSEPH R. JR",DEMOCRAT,317323,344356
District Of Columbia,DC,"TRUMP, DONALD J.",REPUBLICAN,18586,344356
District Of Columbia,DC,"JORGENSEN, JO",LIBERTARIAN,2036,344356
District Of Columbia,DC,"HAWKINS, HOWIE",OTHER,1726,344356
District Of Columbia,DC,"LA RIVA, GLORIA ESTELLA",OTHER,855,344356
District Of Columbia,DC,,OTHER,3137,344356
District Of Columbia,DC,"PIERCE, BROCK",OTHER,693,344356
Florida,FL,"BIDEN, JOSEPH R. JR",DEMOCRAT,5297045,11067456
Florida,FL,"TRUMP, DONALD J.",REPUBLICAN,5668731,11067456
Florida,FL,"JORGENSEN, JO",LIBERTARIAN,70324,11067456
Florida,FL,"HAWKINS, HOWIE",OTHER,14721,11067456
Florida,FL,"LA RIVA, GLORIA ESTELLA",OTHER,5712,11067456
Florida,FL,"DE LA FUENTE, ROQUE """"ROCKY""""",OTHER,5966,11067456
Florida,FL,"HOWARD, SHAWN W.",OTHER,9,11067456
Florida,FL,"BLANKENSHIP, DON",OTHER,3902,11067456
Florida,FL,"WELLS, KASEY",OTHER,8,11067456
Florida,FL,"WALLS-WINDHAUSER, ANGELA",OTHER,2,11067456
Florida,FL,"SIMMONS, JADE",OTHER,181,11067456
Florida,FL,"CARROLL, BRIAN",OTHER,854,11067456
Florida,FL,"LABOCH, MICHAEL",OTHER,1,11067456
Georgia,GA,"BELLAR, BARBARA",OTHER,10,4999960
Georgia,GA,"CARROLL, BRIAN",OTHER,701,4999960
Georgia,GA,"BYRNE, DAVID",OTHER,6,4999960
Georgia,GA,"ROUSE, DEBORAH",OTHER,1,4999960
Georgia,GA,"BLANKENSHIP, DON",OTHER,61,4999960
Georgia,GA,"LA RIVA, GLORIA ESTELLA",OTHER,159,4999960
Georgia,GA,"HAWKINS, HOWIE",OTHER,1013,4999960
Georgia,GA,"SIMMONS, JADE",OTHER,181,4999960
Georgia,GA,"WELLS, KASEY",OTHER,6,4999960
Georgia,GA,"GIBSON, KATHRYN",OTHER,2,4999960
Georgia,GA,"COLLINS, LOREN",OTHER,11,4999960
Georgia,GA,"CHARLES, MARK",OTHER,65,4999960
Georgia,GA,"SHERRILL, PETER",OTHER,8,4999960
Georgia,GA,"BODDIE, R. PRESIDENT",OTHER,8,4999960
Georgia,GA,"JACOB?FAMBRO, PRINCESS KHADIJAH MARYAM",OTHER,7,4999960
Georgia,GA,"HOWARD, SHAWN W.",OTHER,5,4999960
Georgia,GA,"BIDEN, JOSEPH R. JR",DEMOCRAT,2473633,4999960
Georgia,GA,"TRUMP, DONALD J.",REPUBLICAN,2461854,4999960
Georgia,GA,"JORGENSEN, JO",LIBERTARIAN,62229,4999960
Hawaii,HI,"BIDEN, JOSEPH R. JR",DEMOCRAT,366130,579784
Hawaii,HI,"TRUMP, DONALD J.",REPUBLICAN,196864,579784
Hawaii,HI,"JORGENSEN, JO",LIBERTARIAN,5539,579784
Hawaii,HI,"HAWKINS, HOWIE",OTHER,3822,579784
Hawaii,HI,"PIERCE, BROCK",OTHER,1183,579784
Hawaii,HI,"BLANKENSHIP, DON",OTHER,931,579784
Hawaii,HI,BLANK VOTES,OTHER,4927,579784
Hawaii,HI,OVERVOTES,OTHER,388,579784
Idaho,ID,"BIDEN, JOSEPH R. JR",DEMOCRAT,287021,868014
Idaho,ID,"TRUMP, DONALD J.",REPUBLICAN,554119,868014
Idaho,ID,"JORGENSEN, JO",LIBERTARIAN,16404,868014
Idaho,ID,"HAWKINS, HOWIE",OTHER,407,868014
Idaho,ID,"PIERCE, BROCK",OTHER,2808,868014
Idaho,ID,"BLANKENSHIP, DON",OTHER,1886,868014
Idaho,ID,"DE LA FUENTE, ROQUE """"ROCKY""""",OTHER,1491,868014
Idaho,ID,"WEST, KANYE",OTHER,3632,868014
Idaho,ID,"LA RIVA, GLORIA ESTELLA",OTHER,49,868014
Idaho,ID,"CARROLL, BRIAN",OTHER,163,868014
Idaho,ID,"CELLA, TODD",OTHER,1,868014
Idaho,ID,"FRANKLIN, CHRIS",OTHER,1,868014
Idaho,ID,"HOEFLING, TOM",OTHER,7,868014
Idaho,ID,"HOWARD, SHAWN W.",OTHER,4,868014
Idaho,ID,"SIMMONS, JADE",OTHER,21,868014
Illinois,IL,"BIDEN, JOSEPH R. JR",DEMOCRAT,3471915,6033743
Illinois,IL,"TRUMP, DONALD J.",REPUBLICAN,2446891,6033743
Illinois,IL,"JORGENSEN, JO",LIBERTARIAN,66544,6033743
Illinois,IL,"HAWKINS, HOWIE",OTHER,30494,6033743
Illinois,IL,"CARROLL, BRIAN",OTHER,9548,6033743
Illinois,IL,"LA RIVA, GLORIA ESTELLA",OTHER,8046,6033743
Illinois,IL,"FARNEY, JOHN",OTHER,84,6033743
Illinois,IL,"SIMMONS, JADE",OTHER,78,6033743
Illinois,IL,MARK CHARLES,OTHER,75,6033743
Illinois,IL,"WELLS, KASEY",OTHER,18,6033743
Illinois,IL,"BLANKENSHIP, DON",OTHER,18,6033743
Illinois,IL,"WILLIAMS JR., ANDY",OTHER,8,6033743
Illinois,IL,"BELLAR, BARBARA",OTHER,7,6033743
Illinois,IL,"KISHORE, JOSEPH",OTHER,5,6033743
Illinois,IL,"MCKEE, KEVIN",OTHER,4,6033743
Illinois,IL,"COLLINS, PHIL",OTHER,3,6033743
Illinois,IL,"STRUCK, JAMES TIMOTHY",OTHER,2,6033743
Illinois,IL,"ROUSE, DEBORAH",OTHER,1,6033743
Illinois,IL,"HIGGS, JEREMY",OTHER,1,6033743
Illinois,IL,"SIMMONS, MARY RUTH CARO",OTHER,1,6033743
Indiana,IN,"BIDEN, JOSEPH R. JR",DEMOCRAT,1242416,3033118
Indiana,IN,"TRUMP, DONALD J.",REPUBLICAN,1729519,3033118
Indiana,IN,"JORGENSEN, JO",LIBERTARIAN,59232,3033118
Indiana,IN,"HAWKINS, HOWIE",OTHER,988,3033118
Indiana,IN,"CARROLL, BRIAN",OTHER,893,3033118
Indiana,IN,"HOWARD, SHAWN W.",OTHER,23,3033118
Indiana,IN,"MCCRAY, VALERIE",OTHER,17,3033118
Indiana,IN,"SCHRINER, JOE",OTHER,13,3033118
Indiana,IN,JOHNSON JR. JAMES L.,OTHER,5,3033118
Indiana,IN,"ROUSE, DEBORAH",OTHER,4,3033118
Indiana,IN,"WILLIAMS, MITCHELL",OTHER,4,3033118
Indiana,IN,"STRIED, CHRISTOPHER",OTHER,2,3033118
Indiana,IN,"F, RANDALL",OTHER,1,3033118
Indiana,IN,"WELLS, KASEY",OTHER,1,3033118
Iowa,IA,"TRUMP, DONALD J.",REPUBLICAN,897672,1700130
Iowa,IA,"BIDEN, JOSEPH R. JR",DEMOCRAT,759061,1700130
Iowa,IA,"DE LA FUENTE, ROQUE """"ROCKY""""",OTHER,1082,1700130
Iowa,IA,"BLANKENSHIP, DON",OTHER,1707,1700130
Iowa,IA,"KING, RICKI SUE",OTHER,546,1700130
Iowa,IA,"HAWKINS, HOWIE",OTHER,3075,1700130
Iowa,IA,"JORGENSEN, JO",LIBERTARIAN,19637,1700130
Iowa,IA,"PIERCE, BROCK",OTHER,544,1700130
Iowa,IA,"WEST, KANYE",OTHER,3210,1700130
Iowa,IA,,OTHER,4337,1700130
Iowa,IA,UNDERVOTES,OTHER,6614,1700130
Iowa,IA,OVERVOTES,OTHER,2645,1700130
Kansas,KS,"TRUMP, DONALD J.",REPUBLICAN,771406,1372303
Kansas,KS,"BIDEN, JOSEPH R. JR",DEMOCRAT,570323,1372303
Kansas,KS,"JORGENSEN, JO",LIBERTARIAN,30574,1372303
Kentucky,KY,"TRUMP, DONALD J.",REPUBLICAN,1326646,2136768
Kentucky,KY,"BIDEN, JOSEPH R. JR",DEMOCRAT,772474,2136768
Kentucky,KY,"JORGENSEN, JO",LIBERTARIAN,26234,2136768
Kentucky,KY,"WEST, KANYE",OTHER,6483,2136768
Kentucky,KY,"PIERCE, BROCK",OTHER,3599,2136768
Kentucky,KY,"HAWKINS, HOWIE",OTHER,716,2136768
Kentucky,KY,"CARROLL, BRIAN",OTHER,408,2136768
Kentucky,KY,"LA RIVA, GLORIA ESTELLA",OTHER,98,2136768
Kentucky,KY,"CHARLES, MARK",OTHER,43,2136768
Kentucky,KY,"SIMMONS, JADE",OTHER,29,2136768
Kentucky,KY,"HOEFLING, TOM",OTHER,20,2136768
Kentucky,KY,"HOWARD, SHAWN W.",OTHER,9,2136768
Kentucky,KY,"BODDIE, R. PRESIDENT",OTHER,7,2136768
Kentucky,KY,"WELLS, KASEY",OTHER,1,2136768
Kentucky,KY,"STEVENS, TIMOTHY ALLEN",OTHER,1,2136768
Louisiana,LA,"BIDEN, JOSEPH R. JR",DEMOCRAT,856034,2148062
Louisiana,LA,"JORGENSEN, JO",LIBERTARIAN,21645,2148062
Louisiana,LA,"TRUMP, DONALD J.",REPUBLICAN,1255776,2148062
Louisiana,LA,"CARROLL, BRIAN",OTHER,2497,2148062
Louisiana,LA,JADE SIMMONS,OTHER,1626,2148062
Louisiana,LA,"BODDIE, R. PRESIDENT",OTHER,1125,2148062
Louisiana,LA,"BLANKENSHIP, DON",OTHER,860,2148062
Louisiana,LA,"PIERCE, BROCK",OTHER,749,2148062
Louisiana,LA,"HOEFLING, TOM",OTHER,668,2148062
Louisiana,LA,"LA RIVA, GLORIA ESTELLA",OTHER,987,2148062
Louisiana,LA,"KENNEDY, ALYSON",OTHER,536,2148062
Louisiana,LA,"WEST, KANYE",OTHER,4897,2148062
Louisiana,LA,"HAMMONS, BILL",OTHER,662,2148062
Maine,ME,"BIDEN, JOSEPH R. JR",DEMOCRAT,435072,828305
Maine,ME,"JORGENSEN, JO",LIBERTARIAN,14152,828305
Maine,ME,"TRUMP, DONALD J.",REPUBLICAN,360737,828305
Maine,ME,"HAWKINS, HOWIE",OTHER,8230,828305
Maine,ME,"DE LA FUENTE, ROQUE """"ROCKY""""",OTHER,1183,828305
Maine,ME,,OTHER,87,828305
Maine,ME,BLANK VOTES,OTHER,8844,828305
Maryland,MD,"TRUMP, DONALD J.",REPUBLICAN,976414,3037030
Maryland,MD,"BIDEN, JOSEPH R. JR",DEMOCRAT,1985023,3037030
Maryland,MD,"JORGENSEN, JO",LIBERTARIAN,33488,3037030
Maryland,MD,"HAWKINS, HOWIE",OTHER,15799,3037030
Maryland,MD,"SEGAL, JEROME M.",OTHER,5884,3037030
Maryland,MD,"BALL, DENNIS ANDREW",OTHER,8,3037030
Maryland,MD,"BELLAR, BARBARA",OTHER,23,3037030
Maryland,MD,"BODDIE, R. PRESIDENT",OTHER,4,3037030
Maryland,MD,"CARROLL, BRIAN",OTHER,795,3037030
Maryland,MD,"CELLA, TODD",OTHER,11,3037030
Maryland,MD,"CHARLES, MARK",OTHER,30,3037030
Maryland,MD,"COLLINS, PHIL",OTHER,10,3037030
Maryland,MD,"DE LA FUENTE, ROQUE """"ROCKY""""",OTHER,26,3037030
Maryland,MD,"HOEFLING, TOM",OTHER,11,3037030
Maryland,MD,"HOWARD, SHAWN W.",OTHER,20,3037030
Maryland,MD,"LEE, JOHNSON",OTHER,1,3037030
Maryland,MD,"PIERCE, BROCK",OTHER,16,3037030
Maryland,MD,"ROUSE, DEBORAH",OTHER,6,3037030
Maryland,MD,"SHERRILL, PETER",OTHER,3,3037030
Maryland,MD,"SIMMONS, JADE",OTHER,131,3037030
Maryland,MD,"WELLS, KASEY",OTHER,5,3037030
Maryland,MD,"WEST, KANYE",OTHER,1117,3037030
Maryland,MD,"LA RIVA, GLORIA ESTELLA",OTHER,125,3037030
Maryland,MD,"RALEY, ALBERT",OTHER,32,3037030
Maryland,MD,"SCHAWLB, BENJAMIN",OTHER,3,3037030
Maryland,MD,,OTHER,18045,3037030
Massachusetts,MA,"BIDEN, JOSEPH R. JR",DEMOCRAT,2382202,3658005
Massachusetts,MA,"TRUMP, DONALD J.",REPUBLICAN,1167202,3658005
Massachusetts,MA,"JORGENSEN, JO",LIBERTARIAN,47013,3658005
Massachusetts,MA,"HAWKINS, HOWIE",OTHER,18658,3658005
Massachusetts,MA,BLANK VOTES,OTHER,26603,3658005
Massachusetts,MA,,OTHER,16327,3658005
Michigan,MI,"BIDEN, JOSEPH R. JR",DEMOCRAT,2804040,5539302
Michigan,MI,"TRUMP, DONALD J.",REPUBLICAN,2649852,5539302
Michigan,MI,"JORGENSEN, JO",LIBERTARIAN,60381,5539302
Michigan,MI,"BLANKENSHIP, DON",OTHER,7235,5539302
Michigan,MI,"HAWKINS, HOWIE",OTHER,13718,5539302
Michigan,MI,"DE LA FUENTE, ROQUE """"ROCKY""""",OTHER,2986,5539302
Michigan,MI,"CARROLL, BRIAN",OTHER,963,5539302
Michigan,MI,"HOEFLING, TOM",OTHER,32,5539302
Michigan,MI,"HUNTER, TARA RENEE",OTHER,1,5539302
Michigan,MI,"SIMMONS, JADE",OTHER,89,5539302
Michigan,MI,"WELLS, KASEY",OTHER,5,5539302
Minnesota,MN,"TRUMP, DONALD J.",REPUBLICAN,1484065,3277171
Minnesota,MN,"BIDEN, JOSEPH R. JR",DEMOCRAT,1717077,3277171
Minnesota,MN,"DE LA FUENTE, ROQUE """"ROCKY""""",OTHER,5611,3277171
Minnesota,MN,"HAWKINS, HOWIE",OTHER,10033,3277171
Minnesota,MN,"WEST, KANYE",OTHER,7940,3277171
Minnesota,MN,"PIERCE, BROCK",OTHER,5651,3277171
Minnesota,MN,"LA RIVA, GLORIA ESTELLA",OTHER,1210,3277171
Minnesota,MN,"KENNEDY, ALYSON",OTHER,643,3277171
Minnesota,MN,"JORGENSEN, JO",LIBERTARIAN,34976,3277171
Minnesota,MN,,OTHER,9965,3277171
Mississippi,MS,"BIDEN, JOSEPH R. JR",DEMOCRAT,539398,1313759
Mississippi,MS,"TRUMP, DONALD J.",REPUBLICAN,756764,1313759
Mississippi,MS,"BLANKENSHIP, DON",OTHER,1279,1313759
Mississippi,MS,"CARROLL, BRIAN",OTHER,1161,1313759
Mississippi,MS,"COLLINS, PHIL",OTHER,1317,1313759
Mississippi,MS,"HAWKINS, HOWIE",OTHER,1498,1313759
Mississippi,MS,"JORGENSEN, JO",LIBERTARIAN,8026,1313759
Mississippi,MS,"PIERCE, BROCK",OTHER,659,1313759
Mississippi,MS,"WEST, KANYE",OTHER,3657,1313759
Missouri,MO,"TRUMP, DONALD J.",REPUBLICAN,1718736,3025962
Missouri,MO,"BIDEN, JOSEPH R. JR",DEMOCRAT,1253014,3025962
Missouri,MO,"JORGENSEN, JO",LIBERTARIAN,41205,3025962
Missouri,MO,"HAWKINS, HOWIE",OTHER,8283,3025962
Missouri,MO,"BLANKENSHIP, DON",OTHER,3919,3025962
Missouri,MO,,OTHER,0,3025962
Missouri,MO,"WELLS, KASEY",OTHER,3,3025962
Missouri,MO,"SIMMONS, JADE",OTHER,74,3025962
Missouri,MO,"CARROLL, BRIAN",OTHER,664,3025962
Missouri,MO,"LA RIVA, GLORIA ESTELLA",OTHER,64,3025962
Montana,MT,"JORGENSEN, JO",LIBERTARIAN,15252,603674
Montana,MT,"TRUMP, DONALD J.",REPUBLICAN,343602,603674
Montana,MT,"BIDEN, JOSEPH R. JR",DEMOCRAT,244786,603674
Montana,MT,"BELLAR, BARBARA",OTHER,2,603674
Montana,MT,"SIMMONS, JADE",OTHER,6,603674
Montana,MT,"CHARLES, MARK",OTHER,23,603674
Montana,MT,"HOEFLING, TOM",OTHER,3,603674
Nebraska,NE,"TRUMP, DONALD J.",REPUBLICAN,556846,956383
Nebraska,NE,"BIDEN, JOSEPH R. JR",DEMOCRAT,374583,956383
Nebraska,NE,"JORGENSEN, JO",LIBERTARIAN,20283,956383
Nebraska,NE,,OTHER,4671,956383
Nevada,NV,"JORGENSEN, JO",LIBERTARIAN,14783,1405376
Nevada,NV,"TRUMP, DONALD J.",REPUBLICAN,669890,1405376
Nevada,NV,"BIDEN, JOSEPH R. JR",DEMOCRAT,703486,1405376
Nevada,NV,"BLANKENSHIP, DON",OTHER,3138,1405376
Nevada,NV,,OTHER,14079,1405376
New Hampshire,NH,"JORGENSEN, JO",LIBERTARIAN,13235,806182
New Hampshire,NH,"TRUMP, DONALD J.",REPUBLICAN,365654,806182
New Hampshire,NH,"BIDEN, JOSEPH R. JR",DEMOCRAT,424921,806182
New Hampshire,NH,"BUTTIGIEG, PETE",OTHER,47,806182
New Hampshire,NH,"CUOMO, ANDREW",OTHER,14,806182
New Hampshire,NH,"GABBARD, TULSI",OTHER,142,806182
New Hampshire,NH,"HAWKINS, HOWIE",OTHER,217,806182
New Hampshire,NH,"HUCKABEE, MIKE",OTHER,10,806182
New Hampshire,NH,"KASICH, JOHN",OTHER,67,806182
New Hampshire,NH,"KLOBUCHAR, AMY",OTHER,19,806182
New Hampshire,NH,"OBAMA, MICHELLE",OTHER,10,806182
New Hampshire,NH,"PAUL, RON",OTHER,13,806182
New Hampshire,NH,"PENCE, MIKE",OTHER,56,806182
New Hampshire,NH,"RICE, CONDOLEEZA",OTHER,12,806182
New Hampshire,NH,"ROMNEY, MITT",OTHER,170,806182
New Hampshire,NH,"SANDERS, BERNIE",OTHER,192,806182
New Hampshire,NH,"SHAHEEN, JEANNE",OTHER,14,806182
New Hampshire,NH,"SUNUNU, CHRIS",OTHER,46,806182
New Hampshire,NH,"SUPREME, VERMIN",OTHER,22,806182
New Hampshire,NH,"WELD, BILL",OTHER,23,806182
New Hampshire,NH,"WEST, KANYE",OTHER,82,806182
New Hampshire,NH,"YANG, ANDREW",OTHER,58,806182
New Hampshire,NH,,OTHER,1158,806182
New Jersey,NJ,"TRUMP, DONALD J.",REPUBLICAN,1883274,4549353
New Jersey,NJ,"BIDEN, JOSEPH R. JR",DEMOCRAT,2608335,4549353
New Jersey,NJ,"JORGENSEN, JO",LIBERTARIAN,31677,4549353
New Jersey,NJ,"HAWKINS, HOWIE",OTHER,14202,4549353
New Jersey,NJ,"HAMMONS, BILL",OTHER,3255,4549353
New Jersey,NJ,"BLANKENSHIP, DON",OTHER,2954,4549353
New Jersey,NJ,"LA RIVA, GLORIA ESTELLA",OTHER,2928,4549353
New Jersey,NJ,"DE LA FUENTE, ROQUE """"ROCKY""""",OTHER,2728,4549353
New Mexico,NM,"HAWKINS, HOWIE",OTHER,4426,923965
New Mexico,NM,"JORGENSEN, JO",LIBERTARIAN,12585,923965
New Mexico,NM,"BIDEN, JOSEPH R. JR",DEMOCRAT,501614,923965
New Mexico,NM,"TITTLE, SHEILA ""SAMM""",OTHER,1806,923965
New Mexico,NM,"TRUMP, DONALD J.",REPUBLICAN,401894,923965
New Mexico,NM,"LA RIVA, GLORIA ESTELLA",OTHER,1640,923965
New York,NY,"BIDEN, JOSEPH R. JR",DEMOCRAT,5230985,8661735
New York,NY,"TRUMP, DONALD J.",REPUBLICAN,3244798,8661735
New York,NY,"HAWKINS, HOWIE",OTHER,32753,8661735
New York,NY,"JORGENSEN, JO",LIBERTARIAN,60234,8661735
New York,NY,"PIERCE, BROCK",OTHER,22587,8661735
New York,NY,"CARROLL, BRIAN",OTHER,805,8661735
New York,NY,"LA RIVA, GLORIA ESTELLA",OTHER,376,8661735
New York,NY,"WELLS, KASEY",OTHER,3,8661735
New York,NY,"MANIMAS, JOHN",OTHER,2,8661735
New York,NY,"HOWARD, SHAWN W.",OTHER,6,8661735
New York,NY,"COLLINS, PHIL",OTHER,9,8661735
New York,NY,"HODGES, PAUL",OTHER,13,8661735
New York,NY,"SIMMONS, JADE",OTHER,155,8661735
New York,NY,"DE LA FUENTE, ROQUE """"ROCKY""""",OTHER,20,8661735
New York,NY,"KISHORE, JOSEPH",OTHER,28,8661735
New York,NY,"MARTIN, DAVID A.",OTHER,3,8661735
New York,NY,"WEST, KANYE",OTHER,1897,8661735
New York,NY,"BLANKENSHIP, DON",OTHER,43,8661735
New York,NY,"BELLAR, BARBARA",OTHER,2,8661735
New York,NY,"CHARLES, MARK",OTHER,98,8661735
New York,NY,"HUNTER, DARIO",OTHER,8,8661735
New York,NY,"MONTANYE, RICHARD CHARLES",OTHER,1,8661735
New York,NY,BLANK VOTES,OTHER,43541,8661735
New York,NY,VOID,OTHER,23368,8661735
North Carolina,NC,"TRUMP, DONALD J.",REPUBLICAN,2758773,5524802
North Carolina,NC,"BIDEN, JOSEPH R. JR",DEMOCRAT,2684292,5524802
North Carolina,NC,"JORGENSEN, JO",LIBERTARIAN,48678,5524802
North Carolina,NC,"HAWKINS, HOWIE",OTHER,12195,5524802
North Carolina,NC,"BLANKENSHIP, DON",OTHER,7549,5524802
North Carolina,NC,"SIMMONS, JADE",OTHER,119,5524802
North Carolina,NC,,OTHER,13196,5524802
North Dakota,ND,"TRUMP, DONALD J.",REPUBLICAN,235595,361819
North Dakota,ND,"BIDEN, JOSEPH R. JR",DEMOCRAT,114902,361819
North Dakota,ND,"JORGENSEN, JO",LIBERTARIAN,9393,361819
North Dakota,ND,,OTHER,1929,361819
Ohio,OH,"TRUMP, DONALD J.",REPUBLICAN,3154834,5922202
Ohio,OH,"BIDEN, JOSEPH R. JR",DEMOCRAT,2679165,5922202
Ohio,OH,"JORGENSEN, JO",LIBERTARIAN,67569,5922202
Ohio,OH,"BODDIE, R. PRESIDENT",OTHER,3,5922202
Ohio,OH,"CARROLL, BRIAN",OTHER,1450,5922202
Ohio,OH,"HAWKINS, HOWIE",OTHER,18812,5922202
Ohio,OH,"HOEFLING, TOM",OTHER,114,5922202
Ohio,OH,"HUNTER, DARIO",OTHER,27,5922202
Ohio,OH,"SIMMONS, JADE",OTHER,212,5922202
Ohio,OH,"WELLS, KASEY",OTHER,16,5922202
Oklahoma,OK,"TRUMP, DONALD J.",REPUBLICAN,1020280,1560699
Oklahoma,OK,"BIDEN, JOSEPH R. JR",DEMOCRAT,503890,1560699
Oklahoma,OK,"JORGENSEN, JO",LIBERTARIAN,24731,1560699
Oklahoma,OK,"SIMMONS, JADE",OTHER,3654,1560699
Oklahoma,OK,"WEST, KANYE",OTHER,5597,1560699
Oklahoma,OK,"PIERCE, BROCK",OTHER,2547,1560699
Oregon,OR,"TRUMP, DONALD J.",REPUBLICAN,958448,2374321
Oregon,OR,"BIDEN, JOSEPH R. JR",DEMOCRAT,1340383,2374321
Oregon,OR,"JORGENSEN, JO",LIBERTARIAN,41582,2374321
Oregon,OR,"HAWKINS, HOWIE",OTHER,11831,2374321
Oregon,OR,"HUNTER, DARIO",OTHER,4988,2374321
Oregon,OR,,OTHER,17089,2374321
Pennsylvania,PA,"TRUMP, DONALD J.",REPUBLICAN,3377674,6915283
Pennsylvania,PA,"BIDEN, JOSEPH R. JR",DEMOCRAT,3458229,6915283
Pennsylvania,PA,"JORGENSEN, JO",LIBERTARIAN,79380,6915283
Rhode Island,RI,"BIDEN, JOSEPH R. JR",DEMOCRAT,307486,516990
Rhode Island,RI,"TRUMP, DONALD J.",REPUBLICAN,199922,516990
Rhode Island,RI,"JORGENSEN, JO",LIBERTARIAN,5053,516990
Rhode Island,RI,,OTHER,2759,516990
Rhode Island,RI,"DE LA FUENTE, ROQUE """"ROCKY""""",OTHER,923,516990
Rhode Island,RI,"LA RIVA, GLORIA ESTELLA",OTHER,847,516990
South Carolina,SC,"CARROLL, BRIAN",OTHER,767,2514096
South Carolina,SC,"HAWKINS, HOWIE",OTHER,6907,2514096
South Carolina,SC,"TRUMP, DONALD J.",REPUBLICAN,1385103,2514096
South Carolina,SC,"DE LA FUENTE, ROQUE """"ROCKY""""",OTHER,1862,2514096
South Carolina,SC,"JORGENSEN, JO",LIBERTARIAN,27916,2514096
South Carolina,SC,"BIDEN, JOSEPH R. JR",DEMOCRAT,1091541,2514096
South Dakota,SD,"TRUMP, DONALD J.",REPUBLICAN,261043,422609
South Dakota,SD,"BIDEN, JOSEPH R. JR",DEMOCRAT,150471,422609
South Dakota,SD,"JORGENSEN, JO",LIBERTARIAN,11095,422609
Tennessee,TN,"TRUMP, DONALD J.",REPUBLICAN,1852475,3053851
Tennessee,TN,"BIDEN, JOSEPH R. JR",DEMOCRAT,1143711,3053851
Tennessee,TN,"BLANKENSHIP, DON",OTHER,5365,3053851
Tennessee,TN,"DE LA FUENTE, ROQUE """"ROCKY""""",OTHER,1860,3053851
Tennessee,TN,"HAWKINS, HOWIE",OTHER,4545,3053851
Tennessee,TN,"JORGENSEN, JO",OTHER,29877,3053851
Tennessee,TN,"KENNEDY, ALYSON",OTHER,2576,3053851
Tennessee,TN,"LA RIVA, GLORIA ESTELLA",OTHER,2301,3053851
Tennessee,TN,"WEST, KANYE",OTHER,10279,3053851
Tennessee,TN,"BODDIE, R. PRESIDENT",OTHER,1,3053851
Tennessee,TN,"CARROLL, BRIAN",OTHER,762,3053851
Tennessee,TN,"HOEFLING, TOM",OTHER,31,3053851
Tennessee,TN,"SIMMONS, JADE",OTHER,68,3053851
Texas,TX,"TRUMP, DONALD J.",REPUBLICAN,5890347,11315056
Texas,TX,"BIDEN, JOSEPH R. JR",DEMOCRAT,5259126,11315056
Texas,TX,"JORGENSEN, JO",LIBERTARIAN,126243,11315056
Texas,TX,"HAWKINS, HOWIE",OTHER,33396,11315056
Texas,TX,"BODDIE, R. PRESIDENT",OTHER,2012,11315056
Texas,TX,"CARROLL, BRIAN",OTHER,2785,11315056
Texas,TX,"CELLA, TODD",OTHER,205,11315056
Texas,TX,"CUELLAR, JESSE",OTHER,49,11315056
Texas,TX,"HOEFLING, TOM",OTHER,337,11315056
Texas,TX,"LA RIVA, GLORIA ESTELLA",OTHER,350,11315056
Texas,TX,"LOEB, ABRAM",OTHER,36,11315056
Texas,TX,"MORROW, ROBERT",OTHER,56,11315056
Texas,TX,"WELLS, KASEY",OTHER,114,11315056
Utah,UT,"PIERCE, BROCK",OTHER,2623,1488289
Utah,UT,"WEST, KANYE",OTHER,7213,1488289
Utah,UT,"BIDEN, JOSEPH R. JR",DEMOCRAT,560282,1488289
Utah,UT,"BLANKENSHIP, DON",OTHER,5551,1488289
Utah,UT,"JORGENSEN, JO",LIBERTARIAN,38447,1488289
Utah,UT,"MCHUGH, JOE",OTHER,2229,1488289
Utah,UT,"HAWKINS, HOWIE",OTHER,5053,1488289
Utah,UT,"LA RIVA, GLORIA ESTELLA",OTHER,1139,1488289
Utah,UT,"TRUMP, DONALD J.",REPUBLICAN,865140,1488289
Utah,UT,"CARROLL, BRIAN",OTHER,368,1488289
Utah,UT,"HOEFLING, TOM",OTHER,51,1488289
Utah,UT,"SIMMONS, JADE",OTHER,186,1488289
Utah,UT,"FORBES, KATHERINE",OTHER,1,1488289
Utah,UT,"BODDIE, R. PRESIDENT",OTHER,6,1488289
Vermont,VT,"BIDEN, JOSEPH R. JR",DEMOCRAT,242820,370968
Vermont,VT,"TRUMP, DONALD J.",REPUBLICAN,112704,370968
Vermont,VT,"JORGENSEN, JO",LIBERTARIAN,3608,370968
Vermont,VT,"HAWKINS, HOWIE",OTHER,1310,370968
Vermont,VT,"WEST, KANYE",OTHER,1269,370968
Vermont,VT,"PAIGE, BROOKE H.",OTHER,1175,370968
Vermont,VT,"LAFONTAINE, CHRISTOPHER",OTHER,856,370968
Vermont,VT,"DUNCAN, RICHARD",OTHER,213,370968
Vermont,VT,"CARROLL, BRIAN",OTHER,209,370968
Vermont,VT,"BLANKENSHIP, DON",OTHER,208,370968
Vermont,VT,"KENNEDY, ALYSON",OTHER,195,370968
Vermont,VT,"LA RIVA, GLORIA ESTELLA",OTHER,166,370968
Vermont,VT,"SWING, GARY",OTHER,141,370968
Vermont,VT,"COLLINS, PHIL",OTHER,137,370968
Vermont,VT,"MCCORMIC, KEITH",OTHER,126,370968
Vermont,VT,"PIERCE, BROCK",OTHER,100,370968
Vermont,VT,"SEGAL, JEROME M.",OTHER,65,370968
Vermont,VT,"HUBER, BLAKE",OTHER,54,370968
Vermont,VT,"KOPITKE, KYLE KENLEY",OTHER,53,370968
Vermont,VT,"DE LA FUENTE, ROQUE """"ROCKY""""",OTHER,48,370968
Vermont,VT,,OTHER,1942,370968
Vermont,VT,OVERVOTES,OTHER,278,370968
Vermont,VT,BLANK VOTES,OTHER,3262,370968
Vermont,VT,"SCALF, ZACHARY",OTHER,29,370968
Virginia,VA,"BIDEN, JOSEPH R. JR",DEMOCRAT,2413568,4460524
Virginia,VA,"TRUMP, DONALD J.",REPUBLICAN,1962430,4460524
Virginia,VA,"JORGENSEN, JO",LIBERTARIAN,64761,4460524
Virginia,VA,,OTHER,19765,4460524
Washington,WA,"BIDEN, JOSEPH R. JR",DEMOCRAT,2369612,4087631
Washington,WA,"TRUMP, DONALD J.",REPUBLICAN,1584651,4087631
Washington,WA,"JORGENSEN, JO",LIBERTARIAN,80500,4087631
Washington,WA,"HAWKINS, HOWIE",OTHER,18289,4087631
Washington,WA,"LA RIVA, GLORIA ESTELLA",OTHER,4840,4087631
Washington,WA,"KENNEDY, ALYSON",OTHER,2487,4087631
Washington,WA,,OTHER,27252,4087631
West Virginia,WV,"BIDEN, JOSEPH R. JR",DEMOCRAT,235984,794652
West Virginia,WV,"TRUMP, DONALD J.",REPUBLICAN,545382,794652
West Virginia,WV,"JORGENSEN, JO",LIBERTARIAN,10687,794652
West Virginia,WV,"HAWKINS, HOWIE",OTHER,2599,794652
Wisconsin,WI,"BIDEN, JOSEPH R. JR",DEMOCRAT,1630866,3298041
Wisconsin,WI,"TRUMP, DONALD J.",REPUBLICAN,1610184,3298041
Wisconsin,WI,"BLANKENSHIP, DON",OTHER,5146,3298041
Wisconsin,WI,"JORGENSEN, JO",OTHER,38491,3298041
Wisconsin,WI,"CARROLL, BRIAN",OTHER,5259,3298041
Wisconsin,WI,"WELLS, KASEY",OTHER,25,3298041
Wisconsin,WI,"SIMMONS, JADE",OTHER,36,3298041
Wisconsin,WI,"BODDIE, R. PRESIDENT",OTHER,5,3298041
Wisconsin,WI,"HAWKINS, HOWIE",OTHER,1089,3298041
Wisconsin,WI,"LA RIVA, GLORIA ESTELLA",OTHER,110,3298041
Wisconsin,WI,"WEST, KANYE",OTHER,411,3298041
Wisconsin,WI,"CHARLES, MARK",OTHER,52,3298041
Wisconsin,WI,,OTHER,6367,3298041
Wyoming,WY,"BIDEN, JOSEPH R. JR",DEMOCRAT,73491,278503
Wyoming,WY,"TRUMP, DONALD J.",REPUBLICAN,193559,278503
Wyoming,WY,"JORGENSEN, JO",LIBERTARIAN,5768,278503
Wyoming,WY,"PIERCE, BROCK",OTHER,2208,278503
Wyoming,WY,,OTHER,1739,278503
Wyoming,WY,OVERVOTES,OTHER,279,278503
Wyoming,WY,UNDERVOTES,OTHER,1459,278503
