county,state,low,med,high
Autauga,AL,0.22,0.17,0.13
Baldwin,AL,0.20,0.15,0.12
Barbour,AL,0.23,0.17,0.13
Bibb,AL,0.25,0.18,0.14
Blount,AL,0.24,0.19,0.14
Bullock,AL,0.23,0.17,0.13
Butler,AL,0.23,0.18,0.13
Calhoun,AL,0.24,0.18,0.14
Chambers,AL,0.24,0.18,0.14
Cherokee,AL,0.24,0.18,0.14
Chilton,AL,0.24,0.18,0.14
Choctaw,AL,0.24,0.17,0.13
Clarke,AL,0.24,0.17,0.13
Clay,AL,0.24,0.18,0.14
Cleburne,AL,0.24,0.18,0.14
Coffee,AL,0.23,0.18,0.13
Colbert,AL,0.23,0.17,0.13
Conecuh,AL,0.24,0.17,0.13
Coosa,AL,0.24,0.18,0.14
Covington,AL,0.23,0.18,0.13
Crenshaw,AL,0.23,0.18,0.13
Cullman,AL,0.23,0.18,0.14
Dale,AL,0.24,0.18,0.13
Dallas,AL,0.25,0.18,0.14
DeKalb,AL,0.25,0.19,0.15
Elmore,AL,0.22,0.17,0.13
Escambia,AL,0.24,0.17,0.13
Etowah,AL,0.24,0.18,0.14
Fayette,AL,0.24,0.19,0.14
Franklin,AL,0.23,0.17,0.13
Geneva,AL,0.24,0.18,0.13
Greene,AL,0.25,0.18,0.14
Hale,AL,0.25,0.18,0.14
Henry,AL,0.24,0.18,0.13
Houston,AL,0.24,0.18,0.13
Jackson,AL,0.25,0.19,0.15
Jefferson,AL,0.20,0.15,0.11
Lamar,AL,0.24,0.19,0.14
Lauderdale,AL,0.23,0.17,0.13
Lawrence,AL,0.22,0.17,0.13
Lee,AL,0.19,0.14,0.11
Limestone,AL,0.20,0.16,0.12
Lowndes,AL,0.22,0.17,0.13
Macon,AL,0.23,0.17,0.13
Madison,AL,0.19,0.14,0.11
Marengo,AL,0.25,0.18,0.14
Marion,AL,0.24,0.18,0.14
Marshall,AL,0.21,0.16,0.12
Mobile,AL,0.23,0.17,0.13
Monroe,AL,0.24,0.17,0.13
Montgomery,AL,0.21,0.15,0.11
Morgan,AL,0.22,0.17,0.13
Perry,AL,0.25,0.18,0.14
Pickens,AL,0.22,0.17,0.13
Pike,AL,0.23,0.17,0.13
Randolph,AL,0.24,0.18,0.14
Russell,AL,0.23,0.17,0.13
St. Clair,AL,0.24,0.19,0.14
Shelby,AL,0.18,0.14,0.11
Sumter,AL,0.25,0.18,0.14
Talladega,AL,0.24,0.18,0.14
Tallapoosa,AL,0.24,0.18,0.14
Tuscaloosa,AL,0.22,0.16,0.12
Walker,AL,0.24,0.19,0.14
Washington,AL,0.24,0.17,0.13
Wilcox,AL,0.24,0.17,0.13
Winston,AL,0.23,0.18,0.14
Aleutians East Borough,AK,0.29,0.24,0.17
Aleutians West Census Area,AK,0.29,0.24,0.17
Anchorage Borough,AK,0.20,0.16,0.12
Bethel Census Area,AK,0.29,0.24,0.17
Bristol Bay Borough,AK,0.29,0.24,0.17
Denali Borough,AK,0.23,0.19,0.14
Dillingham Census Area,AK,0.29,0.24,0.17
Fairbanks North Star Borough,AK,0.23,0.19,0.14
Haines Borough,AK,0.23,0.19,0.14
Hoonah-Angoon Census A,ea,0.29,0.24,0.17
Juneau Borough,AK,0.23,0.19,0.14
Kenai Peninsula Borough,AK,0.22,0.19,0.14
Ketchikan Gateway Borough,AK,0.23,0.19,0.14
Kodiak Island Borough,AK,0.29,0.24,0.17
Lake and Peninsula Borough,AK,0.29,0.24,0.17
Matanuska-Susitna Borough,AK,0.22,0.19,0.14
Nome Census Area,AK,0.29,0.24,0.17
North Slope Borough,AK,0.29,0.24,0.17
Northwest Arctic Borough,AK,0.29,0.24,0.17
Petersburg Census A,ea,0.29,0.24,0.17
Prince of Wales-Hyder Census A,ea,0.29,0.24,0.17
Sitka Borough,AK,0.29,0.24,0.17
Skagway Municipal,ty,0.23,0.19,0.14
Southeast Fairbanks Census Area,AK,0.23,0.19,0.14
Valdez-Cordova Census Area,AK,0.23,0.19,0.14
Wade Hampton Census Area AK ,D),0.29,0.24,0.17
Wrangell City and Boro,gh,0.29,0.24,0.17
Yakutat Boro,gh,0.29,0.24,0.17
Yukon-Koyukuk Census Area,AK,0.29,0.24,0.17
Apache,AZ,0.32,0.21,0.16
Cochise,AZ,0.22,0.14,0.11
Coconino,AZ,0.25,0.16,0.12
Gila,AZ,0.24,0.16,0.13
Graham,AZ,0.24,0.16,0.13
Greenlee,AZ,0.24,0.16,0.13
La Paz,AZ,0.23,0.15,0.12
Maricopa,AZ,0.21,0.14,0.10
Mohave,AZ,0.23,0.15,0.12
Navajo,AZ,0.32,0.21,0.16
Pima,AZ,0.21,0.14,0.10
Pinal,AZ,0.24,0.16,0.13
Santa Cruz,AZ,0.22,0.14,0.11
Yavapai,AZ,0.20,0.14,0.11
Yuma,AZ,0.24,0.15,0.11
Arkansas,AR,0.26,0.21,0.14
Ashley,AR,0.28,0.22,0.15
Baxter,AR,0.24,0.20,0.13
Benton,AR,0.22,0.18,0.12
Boone,AR,0.24,0.20,0.13
Bradley,AR,0.28,0.22,0.15
Calhoun,AR,0.25,0.20,0.13
Carroll,AR,0.24,0.20,0.13
Chicot,AR,0.28,0.22,0.15
Clark,AR,0.25,0.20,0.13
Clay,AR,0.26,0.21,0.14
Cleburne,AR,0.27,0.22,0.15
Cleveland,AR,0.28,0.22,0.15
Columbia,AR,0.25,0.20,0.13
Conway,AR,0.26,0.21,0.14
Craighead,AR,0.26,0.21,0.14
Crawford,AR,0.25,0.21,0.13
Crittenden,AR,0.27,0.22,0.14
Cross,AR,0.29,0.23,0.15
Dallas,AR,0.25,0.20,0.13
Desha,AR,0.28,0.22,0.15
Drew,AR,0.28,0.22,0.15
Faulkner,AR,0.26,0.21,0.14
Franklin,AR,0.27,0.22,0.14
Fulton,AR,0.27,0.22,0.15
Garland,AR,0.25,0.20,0.13
Grant,AR,0.26,0.20,0.13
Greene,AR,0.26,0.21,0.14
Hempstead,AR,0.26,0.21,0.14
Hot Spring,AR,0.25,0.20,0.13
Howard,AR,0.27,0.22,0.14
Independence,AR,0.27,0.22,0.15
Izard,AR,0.27,0.22,0.15
Jackson,AR,0.28,0.23,0.15
Jefferson,AR,0.26,0.20,0.13
Johnson,AR,0.26,0.21,0.14
Lafayette,AR,0.26,0.21,0.14
Lawrence,AR,0.26,0.21,0.14
Lee,AR,0.29,0.23,0.15
Lincoln,AR,0.28,0.22,0.15
Little River,AR,0.26,0.21,0.14
Logan,AR,0.27,0.22,0.14
Lonoke,AR,0.26,0.21,0.14
Madison,AR,0.24,0.20,0.13
Marion,AR,0.24,0.20,0.13
Miller,AR,0.26,0.21,0.14
Mississippi,AR,0.27,0.22,0.14
Monroe,AR,0.29,0.23,0.15
Montgomery,AR,0.25,0.20,0.13
Nevada,AR,0.26,0.21,0.14
Newton,AR,0.24,0.20,0.13
Ouachita,AR,0.25,0.20,0.13
Perry,AR,0.26,0.21,0.14
Phillips,AR,0.29,0.23,0.15
Pike,AR,0.26,0.21,0.14
Poinsett,AR,0.29,0.23,0.15
Polk,AR,0.27,0.22,0.14
Pope,AR,0.26,0.21,0.14
Prairie,AR,0.28,0.23,0.15
Pulaski,AR,0.23,0.18,0.11
Randolph,AR,0.26,0.21,0.14
St. Francis,AR,0.29,0.23,0.15
Saline,AR,0.24,0.20,0.13
Scott,AR,0.27,0.22,0.14
Searcy,AR,0.24,0.20,0.13
Sebastian,AR,0.25,0.21,0.13
Sevier,AR,0.27,0.22,0.14
Sharp,AR,0.27,0.22,0.15
Stone,AR,0.27,0.22,0.15
Union,AR,0.25,0.20,0.13
Van Buren,AR,0.27,0.22,0.15
Washington,AR,0.25,0.20,0.13
White,AR,0.28,0.23,0.15
Woodruff,AR,0.28,0.23,0.15
Yell,AR,0.26,0.21,0.14
Alameda,CA,0.07,0.05,0.02
Alpine,CA,0.11,0.08,0.04
Amador,CA,0.11,0.08,0.04
Butte,CA,0.12,0.08,0.04
Calaveras,CA,0.11,0.08,0.04
Colusa,CA,0.13,0.08,0.04
Contra Costa,CA,0.08,0.05,0.03
Del Norte,CA,0.14,0.09,0.05
El Dorado,CA,0.09,0.06,0.03
Fresno,CA,0.12,0.07,0.03
Glenn,CA,0.13,0.08,0.04
Humboldt,CA,0.12,0.08,0.04
Imperial,CA,0.12,0.07,0.04
Inyo,CA,0.11,0.08,0.04
Kern,CA,0.13,0.08,0.04
Kings,CA,0.14,0.09,0.04
Lake,CA,0.13,0.09,0.04
Lassen,CA,0.14,0.09,0.05
Los Angeles,CA,0.10,0.06,0.03
Madera,CA,0.13,0.08,0.04
Marin,CA,0.07,0.05,0.02
Mariposa,CA,0.11,0.08,0.04
Mendocino,CA,0.13,0.09,0.04
Merced,CA,0.13,0.08,0.04
Modoc,CA,0.14,0.09,0.05
Mono,CA,0.11,0.08,0.04
Monterey,CA,0.11,0.07,0.03
Napa,CA,0.08,0.06,0.03
Nevada,CA,0.11,0.07,0.04
Orange,CA,0.08,0.05,0.03
Placer,CA,0.08,0.06,0.03
Plumas,CA,0.14,0.09,0.05
Riverside,CA,0.11,0.07,0.03
Sacramento,CA,0.11,0.07,0.03
San Benito,CA,0.12,0.08,0.04
San Bernardino,CA,0.12,0.07,0.04
San Diego,CA,0.10,0.06,0.03
San Francisco,CA,0.06,0.04,0.02
San Joaquin,CA,0.11,0.07,0.04
San Luis Obispo,CA,0.10,0.07,0.03
San Mateo,CA,0.06,0.04,0.02
Santa Barbara,CA,0.11,0.07,0.03
Santa Clara,CA,0.06,0.04,0.02
Santa Cruz,CA,0.09,0.06,0.03
Shasta,CA,0.12,0.08,0.04
Sierra,CA,0.11,0.07,0.04
Siskiyou,CA,0.14,0.09,0.05
Solano,CA,0.10,0.06,0.03
Sonoma,CA,0.09,0.06,0.03
Stanislaus,CA,0.12,0.08,0.04
Sutter,CA,0.13,0.08,0.04
Tehama,CA,0.13,0.08,0.04
Trinity,CA,0.13,0.08,0.04
Tulare,CA,0.13,0.08,0.04
Tuolumne,CA,0.11,0.08,0.04
Ventura,CA,0.09,0.06,0.03
Yolo,CA,0.10,0.06,0.03
Yuba,CA,0.13,0.08,0.04
Adams,CO,0.12,0.08,0.05
Alamosa,CO,0.13,0.08,0.05
Arapahoe,CO,0.11,0.07,0.04
Archuleta,CO,0.11,0.07,0.04
Baca,CO,0.13,0.08,0.05
Bent,CO,0.15,0.09,0.06
Boulder,CO,0.09,0.06,0.03
Broomfield,CO,0.09,0.06,0.03
Chaffee,CO,0.13,0.08,0.05
Cheyenne,CO,0.15,0.09,0.06
Clear Creek,CO,0.07,0.05,0.03
Conejos,CO,0.13,0.08,0.05
Costilla,CO,0.13,0.08,0.05
Crowley,CO,0.15,0.09,0.06
Custer,CO,0.13,0.08,0.05
Delta,CO,0.12,0.08,0.05
Denver,CO,0.10,0.07,0.04
Dolores,CO,0.11,0.07,0.04
Douglas,CO,0.09,0.06,0.04
Eagle,CO,0.10,0.07,0.04
Elbert,CO,0.10,0.07,0.04
El Paso,CO,0.13,0.08,0.05
Fremont,CO,0.13,0.08,0.05
Garfield,CO,0.13,0.08,0.05
Gilpin,CO,0.07,0.05,0.03
Grand,CO,0.10,0.07,0.04
Gunnison,CO,0.11,0.07,0.04
Hinsdale,CO,0.11,0.07,0.04
Huerfano,CO,0.13,0.08,0.05
Jackson,CO,0.10,0.07,0.04
Jefferson,CO,0.10,0.06,0.04
Kiowa,CO,0.15,0.09,0.06
Kit Carson,CO,0.15,0.09,0.06
Lake,CO,0.13,0.08,0.05
La Plata,CO,0.11,0.07,0.04
Larimer,CO,0.11,0.07,0.04
Las Animas,CO,0.13,0.08,0.05
Lincoln,CO,0.15,0.09,0.06
Logan,CO,0.15,0.09,0.06
Mesa,CO,0.14,0.09,0.05
Mineral,CO,0.13,0.08,0.05
Moffat,CO,0.13,0.08,0.05
Montezuma,CO,0.11,0.07,0.04
Montrose,CO,0.12,0.08,0.05
Morgan,CO,0.15,0.09,0.06
Otero,CO,0.13,0.08,0.05
Ouray,CO,0.12,0.08,0.05
Park,CO,0.13,0.08,0.05
Phillips,CO,0.15,0.09,0.06
Pitkin,CO,0.10,0.07,0.04
Prowers,CO,0.13,0.08,0.05
Pueblo,CO,0.13,0.08,0.05
Rio Blanco,CO,0.13,0.08,0.05
Rio Grande,CO,0.13,0.08,0.05
Routt,CO,0.13,0.08,0.05
Saguache,CO,0.13,0.08,0.05
San Juan,CO,0.11,0.07,0.04
San Miguel,CO,0.12,0.08,0.05
Sedgwick,CO,0.15,0.09,0.06
Summit,CO,0.10,0.07,0.04
Teller,CO,0.14,0.08,0.05
Washington,CO,0.15,0.09,0.06
Weld,CO,0.12,0.08,0.05
Yuma,CO,0.15,0.09,0.06
Fairfield,CT,0.07,0.05,0.03
Hartford,CT,0.08,0.05,0.03
Litchfield,CT,0.08,0.06,0.03
Middlesex,CT,0.08,0.05,0.03
New Haven,CT,0.09,0.06,0.03
New London,CT,0.09,0.06,0.03
Tolland,CT,0.08,0.06,0.03
Windham,CT,0.10,0.07,0.04
Kent,DE,0.14,0.07,0.04
New Castle,DE,0.12,0.06,0.03
Sussex,DE,0.11,0.06,0.03
District of Columbia,DC,0.08,0.07,0.04
Alachua,FL,0.17,0.12,0.08
Baker,FL,0.21,0.16,0.10
Bay,FL,0.21,0.16,0.10
Bradford,FL,0.25,0.18,0.12
Brevard,FL,0.17,0.13,0.08
Broward,FL,0.17,0.12,0.08
Calhoun,FL,0.23,0.17,0.12
Charlotte,FL,0.17,0.12,0.08
Citrus,FL,0.18,0.14,0.09
Clay,FL,0.19,0.14,0.09
Collier,FL,0.15,0.11,0.07
Columbia,FL,0.25,0.18,0.12
DeSoto,FL,0.20,0.14,0.10
Dixie,FL,0.25,0.18,0.12
Duval,FL,0.20,0.14,0.09
Escambia,FL,0.22,0.15,0.10
Flagler,FL,0.17,0.12,0.08
Franklin,FL,0.23,0.17,0.12
Gadsden,FL,0.23,0.17,0.12
Gilchrist,FL,0.25,0.18,0.12
Glades,FL,0.21,0.15,0.10
Gulf,FL,0.23,0.17,0.12
Hamilton,FL,0.24,0.17,0.12
Hardee,FL,0.20,0.14,0.10
Hendry,FL,0.21,0.15,0.10
Hernando,FL,0.20,0.14,0.10
Highlands,FL,0.21,0.14,0.10
Hillsborough,FL,0.18,0.13,0.08
Holmes,FL,0.21,0.16,0.10
Indian River,FL,0.17,0.13,0.08
Jackson,FL,0.23,0.17,0.12
Jefferson,FL,0.23,0.17,0.12
Lafayette,FL,0.24,0.17,0.12
Lake,FL,0.18,0.13,0.09
Lee,FL,0.17,0.12,0.08
Leon,FL,0.18,0.12,0.08
Levy,FL,0.25,0.18,0.12
Liberty,FL,0.23,0.17,0.12
Madison,FL,0.24,0.17,0.12
Manatee,FL,0.17,0.12,0.08
Marion,FL,0.20,0.14,0.10
Martin,FL,0.15,0.11,0.07
Miami-Dade,FL,0.16,0.11,0.07
Monroe,FL,0.19,0.14,0.09
Nassau,FL,0.21,0.16,0.10
Okaloosa,FL,0.21,0.15,0.10
Okeechobee,FL,0.21,0.15,0.10
Orange,FL,0.18,0.12,0.08
Osceola,FL,0.18,0.12,0.08
Palm Beach,FL,0.16,0.11,0.07
Pasco,FL,0.19,0.14,0.09
Pinellas,FL,0.17,0.12,0.08
Polk,FL,0.20,0.14,0.09
Putnam,FL,0.22,0.16,0.11
St. Johns,FL,0.16,0.12,0.08
St. Lucie,FL,0.19,0.14,0.09
Santa Rosa,FL,0.21,0.15,0.10
Sarasota,FL,0.15,0.11,0.07
Seminole,FL,0.16,0.11,0.07
Sumter,FL,0.15,0.11,0.08
Suwannee,FL,0.24,0.17,0.12
Taylor,FL,0.24,0.17,0.12
Union,FL,0.25,0.18,0.12
Volusia,FL,0.19,0.13,0.09
Wakulla,FL,0.23,0.17,0.12
Walton,FL,0.21,0.16,0.10
Washington,FL,0.21,0.16,0.10
Appling,GA,0.27,0.19,0.12
Atkinson,GA,0.27,0.19,0.12
Bacon,GA,0.27,0.19,0.12
Baker,GA,0.26,0.18,0.11
Baldwin,GA,0.22,0.15,0.09
Banks,GA,0.24,0.17,0.11
Barrow,GA,0.22,0.16,0.10
Bartow,GA,0.24,0.17,0.11
Ben Hill,GA,0.26,0.17,0.11
Berrien,GA,0.26,0.17,0.11
Bibb,GA,0.23,0.15,0.09
Bleckley,GA,0.25,0.17,0.11
Brantley,GA,0.27,0.19,0.12
Brooks,GA,0.26,0.17,0.11
Bryan,GA,0.25,0.16,0.10
Bulloch,GA,0.23,0.16,0.10
Burke,GA,0.25,0.16,0.10
Butts,GA,0.24,0.17,0.11
Calhoun,GA,0.26,0.18,0.11
Camden,GA,0.22,0.15,0.10
Candler,GA,0.25,0.17,0.11
Carroll,GA,0.25,0.18,0.11
Catoosa,GA,0.24,0.17,0.11
Charlton,GA,0.27,0.19,0.12
Chatham,GA,0.22,0.15,0.09
Chattahoochee,GA,0.23,0.15,0.09
Chattooga,GA,0.24,0.17,0.11
Cherokee,GA,0.19,0.14,0.09
Clarke,GA,0.21,0.13,0.08
Clay,GA,0.23,0.16,0.10
Clayton,GA,0.24,0.15,0.10
Clinch,GA,0.27,0.19,0.12
Cobb,GA,0.17,0.12,0.07
Coffee,GA,0.27,0.19,0.12
Colquitt,GA,0.24,0.16,0.10
Columbia,GA,0.18,0.13,0.08
Cook,GA,0.26,0.17,0.11
Coweta,GA,0.20,0.14,0.09
Crawford,GA,0.22,0.15,0.09
Crisp,GA,0.23,0.16,0.10
Dade,GA,0.24,0.17,0.11
Dawson,GA,0.21,0.15,0.09
Decatur,GA,0.26,0.18,0.11
DeKalb,GA,0.19,0.12,0.07
Dodge,GA,0.25,0.17,0.11
Dooly,GA,0.23,0.16,0.10
Dougherty,GA,0.24,0.16,0.10
Douglas,GA,0.21,0.14,0.09
Early,GA,0.26,0.18,0.11
Echols,GA,0.27,0.19,0.12
Effingham,GA,0.23,0.16,0.10
Elbert,GA,0.22,0.15,0.10
Emanuel,GA,0.25,0.17,0.11
Evans,GA,0.27,0.19,0.12
Fannin,GA,0.24,0.17,0.11
Fayette,GA,0.16,0.11,0.07
Floyd,GA,0.24,0.16,0.10
Forsyth,GA,0.14,0.10,0.07
Franklin,GA,0.24,0.17,0.11
Fulton,GA,0.17,0.11,0.07
Gilmer,GA,0.24,0.17,0.11
Glascock,GA,0.25,0.16,0.10
Glynn,GA,0.22,0.15,0.10
Gordon,GA,0.24,0.17,0.11
Grady,GA,0.26,0.18,0.11
Greene,GA,0.22,0.15,0.10
Gwinnett,GA,0.18,0.12,0.07
Habersham,GA,0.24,0.17,0.11
Hall,GA,0.21,0.15,0.09
Hancock,GA,0.25,0.16,0.10
Haralson,GA,0.24,0.16,0.10
Harris,GA,0.23,0.16,0.10
Hart,GA,0.24,0.17,0.11
Heard,GA,0.25,0.17,0.11
Henry,GA,0.20,0.14,0.08
Houston,GA,0.21,0.14,0.09
Irwin,GA,0.26,0.17,0.11
Jackson,GA,0.22,0.16,0.10
Jasper,GA,0.22,0.16,0.10
Jeff Davis,GA,0.27,0.19,0.12
Jefferson,GA,0.25,0.16,0.10
Jenkins,GA,0.25,0.16,0.10
Johnson,GA,0.25,0.17,0.11
Jones,GA,0.22,0.15,0.09
Lamar,GA,0.24,0.17,0.11
Lanier,GA,0.27,0.19,0.12
Laurens,GA,0.25,0.17,0.11
Lee,GA,0.24,0.16,0.10
Liberty,GA,0.25,0.16,0.10
Lincoln,GA,0.25,0.16,0.10
Long,GA,0.25,0.16,0.10
Lowndes,GA,0.24,0.16,0.10
Lumpkin,GA,0.21,0.15,0.09
McDuffie,GA,0.25,0.16,0.10
McIntosh,GA,0.22,0.15,0.10
Macon,GA,0.23,0.16,0.10
Madison,GA,0.22,0.15,0.10
Marion,GA,0.23,0.16,0.10
Meriwether,GA,0.25,0.17,0.11
Miller,GA,0.26,0.18,0.11
Mitchell,GA,0.26,0.18,0.11
Monroe,GA,0.22,0.15,0.09
Montgomery,GA,0.27,0.19,0.12
Morgan,GA,0.22,0.16,0.10
Murray,GA,0.24,0.17,0.11
Muscogee,GA,0.23,0.15,0.09
Newton,GA,0.23,0.15,0.10
Oconee,GA,0.22,0.15,0.10
Oglethorpe,GA,0.22,0.15,0.10
Paulding,GA,0.23,0.17,0.10
Peach,GA,0.22,0.15,0.09
Pickens,GA,0.24,0.17,0.11
Pierce,GA,0.27,0.19,0.12
Pike,GA,0.24,0.17,0.11
Polk,GA,0.24,0.16,0.10
Pulaski,GA,0.21,0.14,0.09
Putnam,GA,0.22,0.15,0.09
Quitman,GA,0.23,0.16,0.10
Rabun,GA,0.21,0.15,0.09
Randolph,GA,0.23,0.16,0.10
Richmond,GA,0.25,0.16,0.10
Rockdale,GA,0.23,0.15,0.10
Schley,GA,0.23,0.16,0.10
Screven,GA,0.23,0.16,0.10
Seminole,GA,0.26,0.18,0.11
Spalding,GA,0.24,0.17,0.11
Stephens,GA,0.24,0.17,0.11
Stewart,GA,0.23,0.16,0.10
Sumter,GA,0.23,0.16,0.10
Talbot,GA,0.23,0.16,0.10
Taliaferro,GA,0.25,0.16,0.10
Tattnall,GA,0.27,0.19,0.12
Taylor,GA,0.23,0.16,0.10
Telfair,GA,0.27,0.19,0.12
Terrell,GA,0.26,0.18,0.11
Thomas,GA,0.24,0.16,0.10
Tift,GA,0.26,0.17,0.11
Toombs,GA,0.27,0.19,0.12
Towns,GA,0.21,0.15,0.09
Treutlen,GA,0.25,0.17,0.11
Troup,GA,0.25,0.17,0.11
Turner,GA,0.26,0.17,0.11
Twiggs,GA,0.22,0.15,0.09
Union,GA,0.21,0.15,0.09
Upson,GA,0.24,0.17,0.11
Walker,GA,0.24,0.17,0.11
Walton,GA,0.22,0.16,0.10
Ware,GA,0.27,0.19,0.12
Warren,GA,0.25,0.16,0.10
Washington,GA,0.25,0.16,0.10
Wayne,GA,0.27,0.19,0.12
Webster,GA,0.23,0.16,0.10
Wheeler,GA,0.27,0.19,0.12
White,GA,0.21,0.15,0.09
Whitfield,GA,0.22,0.15,0.10
Wilcox,GA,0.25,0.17,0.11
Wilkes,GA,0.25,0.16,0.10
Wilkinson,GA,0.22,0.15,0.09
Worth,GA,0.24,0.16,0.10
Hawaii,HI,0.10,0.06,0.03
Honolulu,HI,0.08,0.05,0.03
Kalawao,HI,0.10,0.06,0.03
Kauai,HI,0.10,0.06,0.03
Maui,HI,0.10,0.06,0.03
Ada,ID,0.23,0.18,0.11
Adams,ID,0.25,0.19,0.12
Bannock,ID,0.27,0.20,0.13
Bear Lake,ID,0.27,0.20,0.13
Benewah,ID,0.25,0.19,0.12
Bingham,ID,0.27,0.20,0.13
Blaine,ID,0.28,0.20,0.13
Boise,ID,0.25,0.19,0.12
Bonner,ID,0.25,0.19,0.12
Bonneville,ID,0.25,0.18,0.12
Boundary,ID,0.25,0.19,0.12
Butte,ID,0.25,0.19,0.12
Camas,ID,0.28,0.20,0.13
Canyon,ID,0.25,0.19,0.12
Caribou,ID,0.27,0.20,0.13
Cassia,ID,0.27,0.20,0.13
Clark,ID,0.25,0.19,0.12
Clearwater,ID,0.25,0.19,0.12
Custer,ID,0.25,0.19,0.12
Elmore,ID,0.28,0.20,0.13
Franklin,ID,0.27,0.20,0.13
Fremont,ID,0.27,0.20,0.13
Gem,ID,0.22,0.17,0.11
Gooding,ID,0.28,0.20,0.13
Idaho,ID,0.25,0.19,0.12
Jefferson,ID,0.27,0.20,0.13
Jerome,ID,0.28,0.20,0.13
Kootenai,ID,0.25,0.19,0.13
Latah,ID,0.25,0.19,0.12
Lemhi,ID,0.25,0.19,0.12
Lewis,ID,0.25,0.19,0.12
Lincoln,ID,0.28,0.20,0.13
Madison,ID,0.27,0.20,0.13
Minidoka,ID,0.28,0.20,0.13
Nez Perce,ID,0.25,0.19,0.12
Oneida,ID,0.27,0.20,0.13
Owyhee,ID,0.26,0.19,0.12
Payette,ID,0.22,0.17,0.11
Power,ID,0.27,0.20,0.13
Shoshone,ID,0.25,0.19,0.12
Teton,ID,0.27,0.20,0.13
Twin Falls,ID,0.27,0.20,0.13
Valley,ID,0.25,0.19,0.12
Washington,ID,0.22,0.17,0.11
Adams,IL,0.16,0.10,0.06
Alexander,IL,0.17,0.10,0.07
Bond,IL,0.17,0.10,0.06
Boone,IL,0.15,0.09,0.05
Brown,IL,0.16,0.10,0.06
Bureau,IL,0.15,0.09,0.05
Calhoun,IL,0.17,0.10,0.06
Carroll,IL,0.15,0.09,0.05
Cass,IL,0.17,0.10,0.06
Champaign,IL,0.14,0.08,0.05
Christian,IL,0.16,0.10,0.06
Clark,IL,0.17,0.11,0.07
Clay,IL,0.17,0.11,0.07
Clinton,IL,0.17,0.10,0.06
Coles,IL,0.16,0.10,0.06
Cook,IL,0.13,0.07,0.04
Crawford,IL,0.17,0.11,0.07
Cumberland,IL,0.16,0.10,0.06
DeKalb,IL,0.14,0.08,0.05
De Witt,IL,0.16,0.10,0.06
Douglas,IL,0.16,0.10,0.06
DuPage,IL,0.10,0.06,0.04
Edgar,IL,0.16,0.10,0.06
Edwards,IL,0.17,0.10,0.07
Effingham,IL,0.17,0.10,0.06
Fayette,IL,0.17,0.10,0.06
Ford,IL,0.18,0.11,0.07
Franklin,IL,0.17,0.10,0.06
Fulton,IL,0.16,0.10,0.06
Gallatin,IL,0.17,0.10,0.07
Greene,IL,0.17,0.10,0.06
Grundy,IL,0.12,0.08,0.05
Hamilton,IL,0.17,0.10,0.07
Hancock,IL,0.16,0.10,0.06
Hardin,IL,0.17,0.10,0.07
Henderson,IL,0.16,0.10,0.06
Henry,IL,0.16,0.10,0.06
Iroquois,IL,0.18,0.11,0.07
Jackson,IL,0.17,0.10,0.06
Jasper,IL,0.17,0.11,0.07
Jefferson,IL,0.17,0.10,0.06
Jersey,IL,0.17,0.10,0.06
Jo Daviess,IL,0.15,0.09,0.05
Johnson,IL,0.17,0.10,0.07
Kane,IL,0.13,0.07,0.04
Kankakee,IL,0.16,0.10,0.06
Kendall,IL,0.12,0.08,0.05
Knox,IL,0.15,0.09,0.05
Lake,IL,0.12,0.07,0.04
La Salle,IL,0.16,0.10,0.06
Lawrence,IL,0.17,0.11,0.07
Lee,IL,0.15,0.09,0.05
Livingston,IL,0.18,0.11,0.07
Logan,IL,0.16,0.10,0.06
McDonough,IL,0.16,0.10,0.06
McHenry,IL,0.13,0.08,0.05
McLean,IL,0.14,0.08,0.05
Macon,IL,0.17,0.10,0.06
Macoupin,IL,0.17,0.10,0.06
Madison,IL,0.14,0.09,0.05
Marion,IL,0.17,0.10,0.06
Marshall,IL,0.15,0.09,0.05
Mason,IL,0.16,0.10,0.06
Massac,IL,0.17,0.10,0.07
Menard,IL,0.16,0.10,0.06
Mercer,IL,0.16,0.10,0.06
Monroe,IL,0.17,0.10,0.06
Montgomery,IL,0.17,0.10,0.06
Morgan,IL,0.17,0.10,0.06
Moultrie,IL,0.16,0.10,0.06
Ogle,IL,0.15,0.09,0.05
Peoria,IL,0.15,0.09,0.05
Perry,IL,0.17,0.10,0.06
Piatt,IL,0.16,0.10,0.06
Pike,IL,0.16,0.10,0.06
Pope,IL,0.17,0.10,0.07
Pulaski,IL,0.17,0.10,0.07
Putnam,IL,0.15,0.09,0.05
Randolph,IL,0.17,0.10,0.06
Richland,IL,0.17,0.11,0.07
Rock Island,IL,0.16,0.09,0.06
St. Clair,IL,0.17,0.09,0.06
Saline,IL,0.17,0.10,0.07
Sangamon,IL,0.15,0.09,0.05
Schuyler,IL,0.16,0.10,0.06
Scott,IL,0.17,0.10,0.06
Shelby,IL,0.16,0.10,0.06
Stark,IL,0.15,0.09,0.05
Stephenson,IL,0.15,0.09,0.05
Tazewell,IL,0.15,0.09,0.05
Union,IL,0.17,0.10,0.07
Vermilion,IL,0.18,0.11,0.07
Wabash,IL,0.17,0.10,0.07
Warren,IL,0.16,0.10,0.06
Washington,IL,0.17,0.10,0.06
Wayne,IL,0.17,0.11,0.07
White,IL,0.17,0.10,0.07
Whiteside,IL,0.15,0.09,0.05
Will,IL,0.13,0.08,0.05
Williamson,IL,0.17,0.10,0.06
Winnebago,IL,0.16,0.09,0.06
Woodford,IL,0.15,0.09,0.05
Adams,IN,0.19,0.14,0.09
Allen,IN,0.16,0.12,0.07
Bartholomew,IN,0.15,0.11,0.07
Benton,IN,0.19,0.14,0.09
Blackford,IN,0.20,0.14,0.09
Boone,IN,0.13,0.10,0.06
Brown,IN,0.18,0.13,0.08
Carroll,IN,0.19,0.14,0.09
Cass,IN,0.19,0.14,0.09
Clark,IN,0.18,0.13,0.08
Clay,IN,0.19,0.14,0.09
Clinton,IN,0.19,0.14,0.09
Crawford,IN,0.17,0.13,0.08
Daviess,IN,0.18,0.14,0.09
Dearborn,IN,0.17,0.13,0.08
Decatur,IN,0.19,0.14,0.09
De Kalb,IN,0.20,0.15,0.10
Delaware,IN,0.18,0.13,0.08
Dubois,IN,0.17,0.13,0.08
Elkhart,IN,0.18,0.14,0.09
Fayette,IN,0.19,0.14,0.09
Floyd,IN,0.17,0.13,0.08
Fountain,IN,0.19,0.14,0.09
Franklin,IN,0.17,0.13,0.08
Fulton,IN,0.18,0.13,0.08
Gibson,IN,0.15,0.11,0.07
Grant,IN,0.19,0.14,0.09
Greene,IN,0.18,0.14,0.09
Hamilton,IN,0.11,0.08,0.05
Hancock,IN,0.18,0.13,0.08
Harrison,IN,0.17,0.13,0.08
Hendricks,IN,0.14,0.11,0.06
Henry,IN,0.20,0.14,0.09
Howard,IN,0.19,0.14,0.09
Huntington,IN,0.19,0.14,0.09
Jackson,IN,0.15,0.11,0.07
Jasper,IN,0.18,0.13,0.08
Jay,IN,0.20,0.14,0.09
Jefferson,IN,0.19,0.14,0.09
Jennings,IN,0.19,0.14,0.09
Johnson,IN,0.15,0.12,0.07
Knox,IN,0.17,0.13,0.08
Kosciusko,IN,0.18,0.13,0.08
Lagrange,IN,0.20,0.15,0.10
Lake,IN,0.16,0.11,0.07
La Porte,IN,0.19,0.14,0.09
Lawrence,IN,0.18,0.14,0.09
Madison,IN,0.19,0.14,0.09
Marion,IN,0.17,0.12,0.07
Marshall,IN,0.18,0.13,0.08
Martin,IN,0.18,0.14,0.09
Miami,IN,0.19,0.14,0.09
Monroe,IN,0.16,0.11,0.07
Montgomery,IN,0.19,0.14,0.09
Morgan,IN,0.18,0.13,0.08
Newton,IN,0.18,0.13,0.08
Noble,IN,0.20,0.15,0.10
Ohio,IN,0.17,0.13,0.08
Orange,IN,0.18,0.14,0.09
Owen,IN,0.18,0.14,0.09
Parke,IN,0.19,0.14,0.09
Perry,IN,0.17,0.13,0.08
Pike,IN,0.17,0.13,0.08
Porter,IN,0.15,0.11,0.07
Posey,IN,0.15,0.11,0.07
Pulaski,IN,0.18,0.13,0.08
Putnam,IN,0.18,0.13,0.08
Randolph,IN,0.20,0.14,0.09
Ripley,IN,0.17,0.13,0.08
Rush,IN,0.19,0.14,0.09
St. Joseph,IN,0.17,0.12,0.08
Scott,IN,0.19,0.14,0.09
Shelby,IN,0.18,0.13,0.08
Spencer,IN,0.17,0.13,0.08
Starke,IN,0.18,0.13,0.08
Steuben,IN,0.20,0.15,0.10
Sullivan,IN,0.19,0.14,0.09
Switzerland,IN,0.17,0.13,0.08
Tippecanoe,IN,0.16,0.11,0.07
Tipton,IN,0.19,0.14,0.09
Union,IN,0.19,0.14,0.09
Vanderburgh,IN,0.18,0.13,0.08
Vermillion,IN,0.19,0.14,0.09
Vigo,IN,0.19,0.14,0.08
Wabash,IN,0.19,0.14,0.09
Warren,IN,0.19,0.14,0.09
Warrick,IN,0.15,0.11,0.07
Washington,IN,0.17,0.13,0.08
Wayne,IN,0.19,0.14,0.09
Wells,IN,0.19,0.14,0.09
White,IN,0.19,0.14,0.09
Whitley,IN,0.19,0.14,0.09
Adair,IA,0.20,0.14,0.08
Adams,IA,0.20,0.14,0.08
Allamakee,IA,0.18,0.13,0.07
Appanoose,IA,0.20,0.14,0.08
Audubon,IA,0.20,0.14,0.08
Benton,IA,0.19,0.13,0.08
Black Hawk,IA,0.18,0.12,0.07
Boone,IA,0.17,0.12,0.07
Bremer,IA,0.18,0.13,0.07
Buchanan,IA,0.18,0.12,0.07
Buena Vista,IA,0.17,0.12,0.07
Butler,IA,0.19,0.13,0.08
Calhoun,IA,0.17,0.12,0.07
Carroll,IA,0.17,0.12,0.07
Cass,IA,0.19,0.13,0.08
Cedar,IA,0.19,0.13,0.08
Cerro Gordo,IA,0.17,0.12,0.07
Cherokee,IA,0.17,0.12,0.07
Chickasaw,IA,0.18,0.13,0.07
Clarke,IA,0.20,0.14,0.08
Clay,IA,0.17,0.12,0.07
Clayton,IA,0.18,0.13,0.07
Clinton,IA,0.19,0.13,0.08
Crawford,IA,0.17,0.12,0.07
Dallas,IA,0.15,0.10,0.06
Davis,IA,0.20,0.14,0.08
Decatur,IA,0.20,0.14,0.08
Delaware,IA,0.18,0.12,0.07
Des Moines,IA,0.19,0.13,0.08
Dickinson,IA,0.17,0.12,0.07
Dubuque,IA,0.18,0.12,0.07
Emmet,IA,0.17,0.12,0.07
Fayette,IA,0.18,0.13,0.07
Floyd,IA,0.17,0.12,0.07
Franklin,IA,0.19,0.13,0.08
Fremont,IA,0.19,0.13,0.08
Greene,IA,0.17,0.12,0.07
Grundy,IA,0.19,0.13,0.08
Guthrie,IA,0.20,0.14,0.08
Hamilton,IA,0.19,0.13,0.08
Hancock,IA,0.17,0.12,0.07
Hardin,IA,0.19,0.13,0.08
Harrison,IA,0.19,0.13,0.08
Henry,IA,0.19,0.13,0.08
Howard,IA,0.18,0.13,0.07
Humboldt,IA,0.19,0.13,0.08
Ida,IA,0.17,0.12,0.07
Iowa,IA,0.19,0.13,0.08
Jackson,IA,0.18,0.12,0.07
Jasper,IA,0.18,0.12,0.07
Jefferson,IA,0.20,0.14,0.08
Johnson,IA,0.15,0.10,0.06
Jones,IA,0.19,0.13,0.08
Keokuk,IA,0.20,0.14,0.08
Kossuth,IA,0.17,0.12,0.07
Lee,IA,0.19,0.13,0.08
Linn,IA,0.18,0.12,0.07
Louisa,IA,0.19,0.13,0.08
Lucas,IA,0.20,0.14,0.08
Lyon,IA,0.17,0.12,0.07
Madison,IA,0.18,0.12,0.07
Mahaska,IA,0.20,0.14,0.08
Marion,IA,0.18,0.12,0.07
Marshall,IA,0.19,0.13,0.08
Mills,IA,0.19,0.13,0.08
Mitchell,IA,0.17,0.12,0.07
Monona,IA,0.17,0.12,0.07
Monroe,IA,0.20,0.14,0.08
Montgomery,IA,0.19,0.13,0.08
Muscatine,IA,0.19,0.13,0.08
OBrien,IA,0.17,0.12,0.07
Osceola,IA,0.17,0.12,0.07
Page,IA,0.19,0.13,0.08
Palo Alto,IA,0.17,0.12,0.07
Plymouth,IA,0.19,0.13,0.08
Pocahontas,IA,0.17,0.12,0.07
Polk,IA,0.17,0.11,0.07
Pottawattamie,IA,0.19,0.13,0.08
Poweshiek,IA,0.19,0.13,0.08
Ringgold,IA,0.20,0.14,0.08
Sac,IA,0.17,0.12,0.07
Scott,IA,0.18,0.12,0.07
Shelby,IA,0.19,0.13,0.08
Sioux,IA,0.17,0.12,0.07
Story,IA,0.17,0.12,0.07
Tama,IA,0.19,0.13,0.08
Taylor,IA,0.20,0.14,0.08
Union,IA,0.20,0.14,0.08
Van Buren,IA,0.20,0.14,0.08
Wapello,IA,0.20,0.14,0.08
Warren,IA,0.18,0.12,0.07
Washington,IA,0.20,0.14,0.08
Wayne,IA,0.20,0.14,0.08
Webster,IA,0.19,0.13,0.08
Winnebago,IA,0.17,0.12,0.07
Winneshiek,IA,0.18,0.13,0.07
Woodbury,IA,0.19,0.13,0.08
Worth,IA,0.17,0.12,0.07
Wright,IA,0.19,0.13,0.08
Allen,KS,0.21,0.16,0.10
Anderson,KS,0.21,0.16,0.10
Atchison,KS,0.22,0.16,0.10
Barber,KS,0.21,0.16,0.10
Barton,KS,0.21,0.16,0.10
Bourbon,KS,0.21,0.16,0.10
Brown,KS,0.19,0.15,0.09
Butler,KS,0.19,0.14,0.08
Chase,KS,0.20,0.14,0.09
Chautauqua,KS,0.20,0.14,0.09
Cherokee,KS,0.23,0.17,0.10
Cheyenne,KS,0.20,0.15,0.09
Clark,KS,0.21,0.15,0.09
Clay,KS,0.20,0.15,0.09
Cloud,KS,0.20,0.15,0.09
Coffey,KS,0.20,0.14,0.09
Comanche,KS,0.21,0.16,0.10
Cowley,KS,0.20,0.15,0.09
Crawford,KS,0.23,0.17,0.10
Decatur,KS,0.20,0.15,0.09
Dickinson,KS,0.20,0.15,0.09
Doniphan,KS,0.22,0.16,0.10
Douglas,KS,0.19,0.14,0.08
Edwards,KS,0.21,0.16,0.10
Elk,KS,0.20,0.14,0.09
Ellis,KS,0.20,0.15,0.09
Ellsworth,KS,0.20,0.15,0.09
Finney,KS,0.21,0.15,0.09
Ford,KS,0.21,0.15,0.09
Franklin,KS,0.21,0.16,0.10
Geary,KS,0.23,0.16,0.09
Gove,KS,0.20,0.15,0.09
Graham,KS,0.20,0.15,0.09
Grant,KS,0.21,0.15,0.09
Gray,KS,0.21,0.15,0.09
Greeley,KS,0.20,0.15,0.09
Greenwood,KS,0.20,0.14,0.09
Hamilton,KS,0.21,0.15,0.09
Harper,KS,0.21,0.16,0.10
Harvey,KS,0.19,0.14,0.09
Haskell,KS,0.21,0.15,0.09
Hodgeman,KS,0.21,0.15,0.09
Jackson,KS,0.19,0.15,0.09
Jefferson,KS,0.22,0.16,0.10
Jewell,KS,0.20,0.15,0.09
Johnson,KS,0.15,0.12,0.07
Kearny,KS,0.21,0.15,0.09
Kingman,KS,0.21,0.16,0.10
Kiowa,KS,0.21,0.16,0.10
Labette,KS,0.23,0.17,0.10
Lane,KS,0.20,0.15,0.09
Leavenworth,KS,0.22,0.16,0.10
Lincoln,KS,0.20,0.15,0.09
Linn,KS,0.21,0.16,0.10
Logan,KS,0.20,0.15,0.09
Lyon,KS,0.20,0.14,0.09
McPherson,KS,0.21,0.15,0.10
Marion,KS,0.20,0.14,0.09
Marshall,KS,0.20,0.15,0.09
Meade,KS,0.21,0.15,0.09
Miami,KS,0.21,0.16,0.10
Mitchell,KS,0.20,0.15,0.09
Montgomery,KS,0.23,0.17,0.10
Morris,KS,0.20,0.14,0.09
Morton,KS,0.21,0.15,0.09
Nemaha,KS,0.20,0.15,0.09
Neosho,KS,0.23,0.17,0.10
Ness,KS,0.20,0.15,0.09
Norton,KS,0.20,0.15,0.09
Osage,KS,0.19,0.15,0.09
Osborne,KS,0.20,0.15,0.09
Ottawa,KS,0.20,0.15,0.09
Pawnee,KS,0.21,0.16,0.10
Phillips,KS,0.20,0.15,0.09
Pottawatomie,KS,0.23,0.16,0.09
Pratt,KS,0.21,0.16,0.10
Rawlins,KS,0.20,0.15,0.09
Reno,KS,0.21,0.15,0.10
Republic,KS,0.20,0.15,0.09
Rice,KS,0.21,0.15,0.10
Riley,KS,0.23,0.16,0.09
Rooks,KS,0.20,0.15,0.09
Rush,KS,0.21,0.16,0.10
Russell,KS,0.20,0.15,0.09
Saline,KS,0.20,0.15,0.09
Scott,KS,0.20,0.15,0.09
Sedgwick,KS,0.21,0.16,0.10
Seward,KS,0.21,0.15,0.09
Shawnee,KS,0.21,0.16,0.10
Sheridan,KS,0.20,0.15,0.09
Sherman,KS,0.20,0.15,0.09
Smith,KS,0.20,0.15,0.09
Stafford,KS,0.21,0.16,0.10
Stanton,KS,0.21,0.15,0.09
Stevens,KS,0.21,0.15,0.09
Sumner,KS,0.21,0.16,0.10
Thomas,KS,0.20,0.15,0.09
Trego,KS,0.20,0.15,0.09
Wabaunsee,KS,0.19,0.15,0.09
Wallace,KS,0.20,0.15,0.09
Washington,KS,0.20,0.15,0.09
Wichita,KS,0.20,0.15,0.09
Wilson,KS,0.20,0.14,0.09
Woodson,KS,0.20,0.14,0.09
Wyandotte,KS,0.23,0.16,0.10
Adair,KY,0.27,0.21,0.14
Allen,KY,0.26,0.21,0.14
Anderson,KY,0.23,0.18,0.11
Ballard,KY,0.23,0.18,0.12
Barren,KY,0.26,0.21,0.14
Bath,KY,0.27,0.21,0.14
Bell,KY,0.29,0.22,0.15
Boone,KY,0.19,0.15,0.10
Bourbon,KY,0.24,0.19,0.12
Boyd,KY,0.25,0.20,0.13
Boyle,KY,0.24,0.19,0.13
Bracken,KY,0.27,0.21,0.14
Breathitt,KY,0.28,0.22,0.15
Breckinridge,KY,0.25,0.20,0.13
Bullitt,KY,0.22,0.18,0.11
Butler,KY,0.26,0.21,0.14
Caldwell,KY,0.25,0.20,0.13
Calloway,KY,0.23,0.18,0.12
Campbell,KY,0.21,0.17,0.11
Carlisle,KY,0.23,0.18,0.12
Carroll,KY,0.21,0.17,0.11
Carter,KY,0.25,0.20,0.13
Casey,KY,0.27,0.21,0.14
Christian,KY,0.27,0.20,0.14
Clark,KY,0.24,0.19,0.12
Clay,KY,0.28,0.22,0.15
Clinton,KY,0.27,0.21,0.14
Crittenden,KY,0.25,0.20,0.13
Cumberland,KY,0.27,0.21,0.14
Daviess,KY,0.22,0.17,0.11
Edmonson,KY,0.26,0.21,0.14
Elliott,KY,0.25,0.20,0.13
Estill,KY,0.24,0.18,0.12
Fayette,KY,0.20,0.15,0.10
Fleming,KY,0.27,0.21,0.14
Floyd,KY,0.28,0.21,0.14
Franklin,KY,0.23,0.18,0.11
Fulton,KY,0.23,0.18,0.12
Gallatin,KY,0.21,0.17,0.11
Garrard,KY,0.24,0.19,0.13
Grant,KY,0.21,0.17,0.11
Graves,KY,0.23,0.18,0.12
Grayson,KY,0.25,0.20,0.13
Green,KY,0.27,0.21,0.14
Greenup,KY,0.25,0.20,0.13
Hancock,KY,0.22,0.17,0.11
Hardin,KY,0.25,0.19,0.13
Harlan,KY,0.29,0.22,0.15
Harrison,KY,0.24,0.19,0.12
Hart,KY,0.26,0.21,0.14
Henderson,KY,0.24,0.19,0.13
Henry,KY,0.21,0.17,0.11
Hickman,KY,0.23,0.18,0.12
Hopkins,KY,0.25,0.20,0.13
Jackson,KY,0.28,0.22,0.15
Jefferson,KY,0.21,0.16,0.10
Jessamine,KY,0.24,0.19,0.13
Johnson,KY,0.28,0.21,0.14
Kenton,KY,0.20,0.16,0.10
Knott,KY,0.28,0.22,0.15
Knox,KY,0.29,0.22,0.15
Larue,KY,0.24,0.19,0.13
Laurel,KY,0.28,0.22,0.15
Lawrence,KY,0.25,0.20,0.13
Lee,KY,0.28,0.22,0.15
Leslie,KY,0.28,0.22,0.15
Letcher,KY,0.28,0.22,0.15
Lewis,KY,0.27,0.21,0.14
Lincoln,KY,0.24,0.19,0.13
Livingston,KY,0.25,0.20,0.13
Logan,KY,0.26,0.21,0.14
Lyon,KY,0.27,0.20,0.14
McCracken,KY,0.23,0.18,0.12
McCreary,KY,0.26,0.21,0.14
McLean,KY,0.24,0.19,0.13
Madison,KY,0.24,0.18,0.12
Magoffin,KY,0.28,0.21,0.14
Marion,KY,0.24,0.19,0.13
Marshall,KY,0.23,0.18,0.12
Martin,KY,0.28,0.21,0.14
Mason,KY,0.27,0.21,0.14
Meade,KY,0.25,0.20,0.13
Menifee,KY,0.27,0.21,0.14
Mercer,KY,0.23,0.18,0.11
Metcalfe,KY,0.26,0.21,0.14
Monroe,KY,0.26,0.21,0.14
Montgomery,KY,0.27,0.21,0.14
Morgan,KY,0.27,0.21,0.14
Muhlenberg,KY,0.25,0.20,0.13
Nelson,KY,0.24,0.19,0.13
Nicholas,KY,0.24,0.19,0.12
Ohio,KY,0.24,0.19,0.13
Oldham,KY,0.21,0.17,0.11
Owen,KY,0.21,0.17,0.11
Owsley,KY,0.28,0.22,0.15
Pendleton,KY,0.21,0.17,0.11
Perry,KY,0.28,0.22,0.15
Pike,KY,0.28,0.21,0.14
Powell,KY,0.24,0.18,0.12
Pulaski,KY,0.26,0.21,0.14
Robertson,KY,0.27,0.21,0.14
Rockcastle,KY,0.28,0.22,0.15
Rowan,KY,0.27,0.21,0.14
Russell,KY,0.27,0.21,0.14
Scott,KY,0.24,0.19,0.12
Shelby,KY,0.21,0.17,0.11
Simpson,KY,0.26,0.21,0.14
Spencer,KY,0.22,0.18,0.11
Taylor,KY,0.27,0.21,0.14
Todd,KY,0.27,0.20,0.14
Trigg,KY,0.27,0.20,0.14
Trimble,KY,0.21,0.17,0.11
Union,KY,0.24,0.19,0.13
Warren,KY,0.22,0.17,0.11
Washington,KY,0.24,0.19,0.13
Wayne,KY,0.26,0.21,0.14
Webster,KY,0.24,0.19,0.13
Whitley,KY,0.29,0.22,0.15
Wolfe,KY,0.28,0.22,0.15
Woodford,KY,0.23,0.18,0.11
Acadia Parish,LA,0.26,0.19,0.11
Allen Parish,LA,0.27,0.20,0.12
Ascension Parish,LA,0.23,0.17,0.10
Assumption Parish,LA,0.28,0.20,0.13
Avoyelles Parish,LA,0.30,0.22,0.14
Beauregard Parish,LA,0.27,0.20,0.12
Bienville Parish,LA,0.27,0.19,0.12
Bossier Parish,LA,0.25,0.17,0.11
Caddo Parish,LA,0.25,0.17,0.10
Calcasieu Parish,LA,0.26,0.19,0.12
Caldwell Parish,LA,0.29,0.20,0.13
Cameron Parish,LA,0.25,0.18,0.11
Catahoula Parish,LA,0.30,0.22,0.14
Claiborne Parish,LA,0.27,0.19,0.12
Concordia Parish,LA,0.30,0.22,0.14
De Soto Parish,LA,0.27,0.19,0.12
East Baton Rouge Parish,LA,0.22,0.15,0.09
East Carroll Parish,LA,0.29,0.20,0.13
East Feliciana Parish,LA,0.26,0.19,0.12
Evangeline Parish,LA,0.27,0.19,0.12
Franklin Parish,LA,0.29,0.20,0.13
Grant Parish,LA,0.30,0.22,0.14
Iberia Parish,LA,0.27,0.19,0.11
Iberville Parish,LA,0.26,0.19,0.12
Jackson Parish,LA,0.29,0.20,0.13
Jefferson Parish,LA,0.22,0.16,0.09
Jefferson Davis Parish,LA,0.25,0.18,0.11
Lafayette Parish,LA,0.23,0.16,0.10
Lafourche Parish,LA,0.28,0.20,0.13
La Salle Parish,LA,0.30,0.22,0.14
Lincoln Parish,LA,0.27,0.19,0.12
Livingston Parish,LA,0.27,0.20,0.12
Madison Parish,LA,0.29,0.20,0.13
Morehouse Parish,LA,0.29,0.20,0.13
Natchitoches Parish,LA,0.27,0.19,0.12
Orleans Parish,LA,0.22,0.15,0.09
Ouachita Parish,LA,0.25,0.18,0.11
Plaquemines Parish,LA,0.26,0.18,0.11
Pointe Coupee Parish,LA,0.26,0.19,0.12
Rapides Parish,LA,0.28,0.20,0.12
Red River Parish,LA,0.27,0.19,0.12
Richland Parish,LA,0.29,0.20,0.13
Sabine Parish,LA,0.27,0.19,0.12
St. Bernard Parish,LA,0.26,0.18,0.11
St. Charles Parish,LA,0.24,0.17,0.10
St. Helena Parish,LA,0.27,0.20,0.12
St. James Parish,LA,0.24,0.17,0.10
St. John the Baptist Parish,LA,0.24,0.17,0.10
St. Landry Parish,LA,0.27,0.19,0.12
St. Martin Parish,LA,0.27,0.19,0.11
St. Mary Parish,LA,0.27,0.19,0.11
St. Tammany Parish,LA,0.22,0.16,0.10
Tangipahoa Parish,LA,0.27,0.19,0.12
Tensas Parish,LA,0.29,0.20,0.13
Terrebonne Parish,LA,0.26,0.19,0.12
Union Parish,LA,0.29,0.20,0.13
Vermilion Parish,LA,0.26,0.19,0.11
Vernon Parish,LA,0.28,0.20,0.12
Washington Parish,LA,0.27,0.19,0.12
Webster Parish,LA,0.25,0.17,0.11
West Baton Rouge Parish,LA,0.26,0.19,0.12
West Carroll Parish,LA,0.29,0.20,0.13
West Feliciana Parish,LA,0.26,0.19,0.12
Winn Parish,LA,0.30,0.22,0.14
Androscoggin,ME,0.13,0.09,0.07
Aroostook,ME,0.14,0.10,0.08
Cumberland,ME,0.11,0.08,0.06
Franklin,ME,0.14,0.10,0.09
Hancock,ME,0.13,0.09,0.08
Kennebec,ME,0.13,0.10,0.08
Knox,ME,0.13,0.09,0.08
Lincoln,ME,0.13,0.09,0.08
Oxford,ME,0.14,0.10,0.09
Penobscot,ME,0.14,0.10,0.08
Piscataquis,ME,0.14,0.10,0.09
Sagadahoc,ME,0.11,0.08,0.07
Somerset,ME,0.14,0.10,0.09
Waldo,ME,0.13,0.09,0.08
Washington,ME,0.14,0.10,0.08
York,ME,0.11,0.08,0.07
Allegany,MD,0.14,0.10,0.05
Anne Arundel,MD,0.10,0.07,0.04
Baltimore,MD,0.10,0.07,0.04
Calvert,MD,0.11,0.08,0.04
Caroline,MD,0.11,0.08,0.04
Carroll,MD,0.10,0.07,0.04
Cecil,MD,0.12,0.08,0.04
Charles,MD,0.10,0.07,0.04
Dorchester,MD,0.11,0.08,0.04
Frederick,MD,0.09,0.07,0.04
Garrett,MD,0.14,0.10,0.05
Harford,MD,0.10,0.07,0.04
Howard,MD,0.07,0.05,0.02
Kent,MD,0.11,0.08,0.04
Montgomery,MD,0.08,0.05,0.03
Prince Georges,MD,0.10,0.07,0.04
Queen Annes,MD,0.11,0.08,0.04
St. Marys,MD,0.11,0.08,0.04
Somerset,MD,0.13,0.09,0.05
Talbot,MD,0.11,0.08,0.04
Washington,MD,0.13,0.09,0.05
Wicomico,MD,0.13,0.09,0.05
Worcester,MD,0.13,0.09,0.05
Baltimore city,MD,0.13,0.08,0.04
Barnstable,MA,0.06,0.04,0.03
Berkshire,MA,0.08,0.05,0.04
Bristol,MA,0.09,0.06,0.04
Dukes,MA,0.06,0.04,0.03
Essex,MA,0.07,0.05,0.03
Franklin,MA,0.08,0.05,0.04
Hampden,MA,0.08,0.05,0.04
Hampshire,MA,0.07,0.05,0.03
Middlesex,MA,0.06,0.04,0.03
Nantucket,MA,0.06,0.04,0.03
Norfolk,MA,0.06,0.04,0.03
Plymouth,MA,0.07,0.05,0.04
Suffolk,MA,0.07,0.04,0.03
Worcester,MA,0.07,0.05,0.04
Alcona,MI,0.17,0.10,0.06
Alger,MI,0.19,0.11,0.07
Allegan,MI,0.18,0.11,0.07
Alpena,MI,0.17,0.10,0.06
Antrim,MI,0.18,0.10,0.06
Arenac,MI,0.18,0.10,0.06
Baraga,MI,0.17,0.09,0.06
Barry,MI,0.17,0.10,0.06
Bay,MI,0.16,0.09,0.06
Benzie,MI,0.15,0.09,0.05
Berrien,MI,0.17,0.09,0.06
Branch,MI,0.19,0.11,0.07
Calhoun,MI,0.17,0.10,0.06
Cass,MI,0.17,0.10,0.06
Charlevoix,MI,0.18,0.10,0.06
Cheboygan,MI,0.17,0.10,0.06
Chippewa,MI,0.19,0.11,0.07
Clare,MI,0.20,0.11,0.07
Clinton,MI,0.15,0.08,0.05
Crawford,MI,0.17,0.10,0.06
Delta,MI,0.19,0.11,0.07
Dickinson,MI,0.17,0.09,0.06
Eaton,MI,0.15,0.08,0.05
Emmet,MI,0.18,0.10,0.06
Genesee,MI,0.20,0.11,0.07
Gladwin,MI,0.18,0.10,0.06
Gogebic,MI,0.17,0.09,0.06
Grand Traverse,MI,0.15,0.09,0.05
Gratiot,MI,0.20,0.11,0.07
Hillsdale,MI,0.19,0.11,0.07
Houghton,MI,0.17,0.09,0.06
Huron,MI,0.19,0.11,0.07
Ingham,MI,0.16,0.09,0.05
Ionia,MI,0.20,0.11,0.07
Iosco,MI,0.18,0.10,0.06
Iron,MI,0.17,0.09,0.06
Isabella,MI,0.20,0.11,0.07
Jackson,MI,0.19,0.11,0.07
Kalamazoo,MI,0.17,0.10,0.06
Kalkaska,MI,0.18,0.10,0.06
Kent,MI,0.16,0.09,0.05
Keweenaw,MI,0.17,0.09,0.06
Lake,MI,0.18,0.10,0.06
Lapeer,MI,0.17,0.10,0.06
Leelanau,MI,0.15,0.09,0.05
Lenawee,MI,0.19,0.11,0.07
Livingston,MI,0.14,0.08,0.05
Luce,MI,0.19,0.11,0.07
Mackinac,MI,0.19,0.11,0.07
Macomb,MI,0.16,0.09,0.06
Manistee,MI,0.15,0.09,0.05
Marquette,MI,0.17,0.09,0.06
Mason,MI,0.18,0.10,0.06
Mecosta,MI,0.20,0.11,0.07
Menominee,MI,0.19,0.11,0.07
Midland,MI,0.16,0.09,0.06
Missaukee,MI,0.18,0.10,0.06
Monroe,MI,0.17,0.10,0.06
Montcalm,MI,0.20,0.11,0.07
Montmorency,MI,0.17,0.10,0.06
Muskegon,MI,0.20,0.11,0.07
Newaygo,MI,0.18,0.10,0.06
Oakland,MI,0.13,0.07,0.04
Oceana,MI,0.18,0.10,0.06
Ogemaw,MI,0.18,0.10,0.06
Ontonagon,MI,0.17,0.09,0.06
Osceola,MI,0.20,0.11,0.07
Oscoda,MI,0.17,0.10,0.06
Otsego,MI,0.17,0.10,0.06
Ottawa,MI,0.15,0.08,0.05
Presque Isle,MI,0.17,0.10,0.06
Roscommon,MI,0.18,0.10,0.06
Saginaw,MI,0.17,0.09,0.06
St. Clair,MI,0.16,0.09,0.06
St. Joseph,MI,0.19,0.11,0.07
Sanilac,MI,0.19,0.11,0.07
Schoolcraft,MI,0.19,0.11,0.07
Shiawassee,MI,0.17,0.10,0.06
Tuscola,MI,0.19,0.11,0.07
Van Buren,MI,0.17,0.10,0.06
Washtenaw,MI,0.13,0.07,0.04
Wayne,MI,0.19,0.10,0.06
Wexford,MI,0.18,0.10,0.06
Aitkin,MN,0.12,0.08,0.04
Anoka,MN,0.11,0.07,0.04
Becker,MN,0.14,0.09,0.05
Beltrami,MN,0.14,0.09,0.05
Benton,MN,0.13,0.09,0.05
Big Stone,MN,0.11,0.07,0.04
Blue Earth,MN,0.12,0.07,0.04
Brown,MN,0.12,0.08,0.04
Carlton,MN,0.12,0.08,0.04
Carver,MN,0.09,0.06,0.03
Cass,MN,0.12,0.08,0.04
Chippewa,MN,0.12,0.08,0.04
Chisago,MN,0.13,0.09,0.05
Clay,MN,0.12,0.08,0.04
Clearwater,MN,0.14,0.09,0.05
Cook,MN,0.12,0.08,0.04
Cottonwood,MN,0.12,0.08,0.04
Crow Wing,MN,0.12,0.08,0.04
Dakota,MN,0.10,0.07,0.04
Dodge,MN,0.12,0.08,0.04
Douglas,MN,0.11,0.07,0.04
Faribault,MN,0.12,0.08,0.04
Fillmore,MN,0.12,0.08,0.04
Freeborn,MN,0.12,0.08,0.04
Goodhue,MN,0.12,0.08,0.04
Grant,MN,0.11,0.07,0.04
Hennepin,MN,0.10,0.06,0.03
Houston,MN,0.12,0.08,0.04
Hubbard,MN,0.14,0.09,0.05
Isanti,MN,0.13,0.09,0.05
Itasca,MN,0.12,0.08,0.04
Jackson,MN,0.12,0.08,0.04
Kanabec,MN,0.13,0.09,0.05
Kandiyohi,MN,0.12,0.08,0.04
Kittson,MN,0.12,0.08,0.04
Koochiching,MN,0.12,0.08,0.04
Lac qui Parle,MN,0.12,0.08,0.04
Lake,MN,0.12,0.08,0.04
Lake of the Woods,MN,0.14,0.09,0.05
Le Sueur,MN,0.12,0.08,0.04
Lincoln,MN,0.12,0.08,0.04
Lyon,MN,0.12,0.08,0.04
McLeod,MN,0.12,0.08,0.04
Mahnomen,MN,0.14,0.09,0.05
Marshall,MN,0.12,0.08,0.04
Martin,MN,0.12,0.08,0.04
Meeker,MN,0.12,0.08,0.04
Mille Lacs,MN,0.13,0.09,0.05
Morrison,MN,0.12,0.08,0.04
Mower,MN,0.12,0.08,0.04
Murray,MN,0.12,0.08,0.04
Nicollet,MN,0.12,0.07,0.04
Nobles,MN,0.12,0.08,0.04
Norman,MN,0.12,0.08,0.04
Olmsted,MN,0.09,0.06,0.03
Otter Tail,MN,0.11,0.07,0.04
Pennington,MN,0.12,0.08,0.04
Pine,MN,0.13,0.09,0.05
Pipestone,MN,0.12,0.08,0.04
Polk,MN,0.12,0.08,0.04
Pope,MN,0.11,0.07,0.04
Ramsey,MN,0.11,0.07,0.04
Red Lake,MN,0.12,0.08,0.04
Redwood,MN,0.12,0.08,0.04
Renville,MN,0.12,0.08,0.04
Rice,MN,0.12,0.08,0.04
Rock,MN,0.12,0.08,0.04
Roseau,MN,0.12,0.08,0.04
St. Louis,MN,0.11,0.07,0.04
Scott,MN,0.09,0.06,0.03
Sherburne,MN,0.13,0.09,0.05
Sibley,MN,0.12,0.08,0.04
Stearns,MN,0.12,0.08,0.04
Steele,MN,0.12,0.08,0.04
Stevens,MN,0.11,0.07,0.04
Swift,MN,0.11,0.07,0.04
Todd,MN,0.12,0.08,0.04
Traverse,MN,0.11,0.07,0.04
Wabasha,MN,0.12,0.08,0.04
Wadena,MN,0.12,0.08,0.04
Waseca,MN,0.12,0.07,0.04
Washington,MN,0.09,0.06,0.03
Watonwan,MN,0.12,0.08,0.04
Wilkin,MN,0.11,0.07,0.04
Winona,MN,0.12,0.08,0.04
Wright,MN,0.11,0.08,0.04
Yellow Medicine,MN,0.12,0.08,0.04
Adams,MS,0.28,0.18,0.12
Alcorn,MS,0.30,0.20,0.14
Amite,MS,0.28,0.18,0.12
Attala,MS,0.31,0.19,0.13
Benton,MS,0.30,0.20,0.14
Bolivar,MS,0.31,0.19,0.13
Calhoun,MS,0.28,0.18,0.12
Carroll,MS,0.31,0.19,0.13
Chickasaw,MS,0.28,0.18,0.12
Choctaw,MS,0.28,0.17,0.11
Claiborne,MS,0.28,0.18,0.12
Clarke,MS,0.29,0.18,0.13
Clay,MS,0.28,0.17,0.11
Coahoma,MS,0.30,0.19,0.13
Copiah,MS,0.27,0.17,0.11
Covington,MS,0.30,0.19,0.13
DeSoto,MS,0.26,0.17,0.11
Forrest,MS,0.29,0.18,0.13
Franklin,MS,0.28,0.18,0.12
George,MS,0.29,0.19,0.13
Greene,MS,0.30,0.19,0.13
Grenada,MS,0.31,0.19,0.13
Hancock,MS,0.29,0.19,0.13
Harrison,MS,0.29,0.18,0.12
Hinds,MS,0.27,0.16,0.11
Holmes,MS,0.31,0.19,0.13
Humphreys,MS,0.31,0.19,0.13
Issaquena,MS,0.31,0.19,0.13
Itawamba,MS,0.28,0.18,0.12
Jackson,MS,0.27,0.17,0.12
Jasper,MS,0.30,0.19,0.13
Jefferson,MS,0.28,0.18,0.12
Jefferson Davis,MS,0.30,0.19,0.13
Jones,MS,0.30,0.19,0.13
Kemper,MS,0.30,0.19,0.13
Lafayette,MS,0.28,0.18,0.12
Lamar,MS,0.29,0.18,0.13
Lauderdale,MS,0.29,0.18,0.13
Lawrence,MS,0.28,0.18,0.12
Leake,MS,0.30,0.19,0.13
Lee,MS,0.28,0.18,0.13
Leflore,MS,0.31,0.19,0.13
Lincoln,MS,0.28,0.18,0.12
Lowndes,MS,0.28,0.17,0.11
Madison,MS,0.26,0.16,0.11
Marion,MS,0.29,0.18,0.13
Marshall,MS,0.30,0.20,0.14
Monroe,MS,0.28,0.18,0.12
Montgomery,MS,0.31,0.19,0.13
Neshoba,MS,0.30,0.19,0.13
Newton,MS,0.29,0.18,0.13
Noxubee,MS,0.28,0.17,0.11
Oktibbeha,MS,0.28,0.17,0.11
Panola,MS,0.30,0.19,0.13
Pearl River,MS,0.29,0.19,0.13
Perry,MS,0.29,0.18,0.13
Pike,MS,0.28,0.18,0.12
Pontotoc,MS,0.28,0.18,0.13
Prentiss,MS,0.30,0.20,0.14
Quitman,MS,0.30,0.19,0.13
Rankin,MS,0.27,0.18,0.12
Scott,MS,0.30,0.19,0.13
Sharkey,MS,0.31,0.19,0.13
Simpson,MS,0.27,0.18,0.12
Smith,MS,0.30,0.19,0.13
Stone,MS,0.29,0.19,0.13
Sunflower,MS,0.31,0.19,0.13
Tallahatchie,MS,0.30,0.19,0.13
Tate,MS,0.30,0.19,0.13
Tippah,MS,0.30,0.20,0.14
Tishomingo,MS,0.30,0.20,0.14
Tunica,MS,0.30,0.19,0.13
Union,MS,0.28,0.18,0.13
Walthall,MS,0.28,0.18,0.12
Warren,MS,0.27,0.17,0.11
Washington,MS,0.31,0.19,0.13
Wayne,MS,0.30,0.19,0.13
Webster,MS,0.28,0.17,0.11
Wilkinson,MS,0.28,0.18,0.12
Winston,MS,0.28,0.17,0.11
Yalobusha,MS,0.31,0.19,0.13
Yazoo,MS,0.26,0.17,0.11
Adair,MO,0.21,0.15,0.09
Andrew,MO,0.21,0.15,0.09
Atchison,MO,0.21,0.15,0.09
Audrain,MO,0.21,0.15,0.09
Barry,MO,0.20,0.14,0.09
Barton,MO,0.22,0.16,0.10
Bates,MO,0.19,0.14,0.08
Benton,MO,0.22,0.16,0.09
Bollinger,MO,0.20,0.14,0.09
Boone,MO,0.17,0.12,0.07
Buchanan,MO,0.21,0.15,0.09
Butler,MO,0.23,0.17,0.10
Caldwell,MO,0.20,0.14,0.09
Callaway,MO,0.19,0.14,0.08
Camden,MO,0.22,0.15,0.09
Cape Girardeau,MO,0.20,0.14,0.09
Carroll,MO,0.21,0.15,0.09
Carter,MO,0.23,0.17,0.10
Cass,MO,0.19,0.14,0.08
Cedar,MO,0.22,0.16,0.10
Chariton,MO,0.21,0.15,0.09
Christian,MO,0.19,0.14,0.09
Clark,MO,0.21,0.15,0.09
Clay,MO,0.17,0.13,0.07
Clinton,MO,0.20,0.14,0.09
Cole,MO,0.19,0.14,0.08
Cooper,MO,0.21,0.15,0.09
Crawford,MO,0.19,0.14,0.08
Dade,MO,0.22,0.16,0.10
Dallas,MO,0.22,0.16,0.09
Daviess,MO,0.21,0.15,0.09
DeKalb,MO,0.21,0.15,0.09
Dent,MO,0.19,0.14,0.08
Douglas,MO,0.23,0.16,0.10
Dunklin,MO,0.24,0.17,0.10
Franklin,MO,0.20,0.15,0.09
Gasconade,MO,0.19,0.14,0.08
Gentry,MO,0.21,0.15,0.09
Greene,MO,0.20,0.14,0.09
Grundy,MO,0.21,0.15,0.09
Harrison,MO,0.21,0.15,0.09
Henry,MO,0.22,0.16,0.10
Hickory,MO,0.22,0.16,0.09
Holt,MO,0.21,0.15,0.09
Howard,MO,0.21,0.15,0.09
Howell,MO,0.23,0.16,0.10
Iron,MO,0.23,0.17,0.10
Jackson,MO,0.18,0.13,0.08
Jasper,MO,0.22,0.16,0.09
Jefferson,MO,0.20,0.14,0.08
Johnson,MO,0.20,0.14,0.09
Knox,MO,0.21,0.15,0.09
Laclede,MO,0.22,0.16,0.09
Lafayette,MO,0.20,0.14,0.09
Lawrence,MO,0.22,0.16,0.10
Lewis,MO,0.21,0.15,0.09
Lincoln,MO,0.21,0.15,0.09
Linn,MO,0.21,0.15,0.09
Livingston,MO,0.21,0.15,0.09
McDonald,MO,0.20,0.14,0.09
Macon,MO,0.21,0.15,0.09
Madison,MO,0.23,0.17,0.10
Maries,MO,0.19,0.14,0.08
Marion,MO,0.21,0.15,0.09
Mercer,MO,0.21,0.15,0.09
Miller,MO,0.22,0.15,0.09
Mississippi,MO,0.24,0.17,0.10
Moniteau,MO,0.19,0.14,0.08
Monroe,MO,0.21,0.15,0.09
Montgomery,MO,0.21,0.15,0.09
Morgan,MO,0.22,0.15,0.09
New Madrid,MO,0.24,0.17,0.10
Newton,MO,0.22,0.16,0.09
Nodaway,MO,0.21,0.15,0.09
Oregon,MO,0.23,0.16,0.10
Osage,MO,0.19,0.14,0.08
Ozark,MO,0.23,0.16,0.10
Pemiscot,MO,0.24,0.17,0.10
Perry,MO,0.23,0.16,0.10
Pettis,MO,0.21,0.15,0.09
Phelps,MO,0.19,0.14,0.08
Pike,MO,0.21,0.15,0.09
Platte,MO,0.17,0.12,0.07
Polk,MO,0.22,0.16,0.09
Pulaski,MO,0.22,0.15,0.09
Putnam,MO,0.21,0.15,0.09
Ralls,MO,0.21,0.15,0.09
Randolph,MO,0.21,0.15,0.09
Ray,MO,0.20,0.14,0.09
Reynolds,MO,0.23,0.17,0.10
Ripley,MO,0.23,0.17,0.10
St. Charles,MO,0.15,0.11,0.06
St. Clair,MO,0.22,0.16,0.10
Ste. Genevieve,MO,0.23,0.16,0.10
St. Francois,MO,0.23,0.16,0.10
St. Louis,MO,0.15,0.11,0.06
Saline,MO,0.21,0.15,0.09
Schuyler,MO,0.21,0.15,0.09
Scotland,MO,0.21,0.15,0.09
Scott,MO,0.20,0.14,0.09
Shannon,MO,0.23,0.16,0.10
Shelby,MO,0.21,0.15,0.09
Stoddard,MO,0.24,0.17,0.10
Stone,MO,0.20,0.14,0.09
Sullivan,MO,0.21,0.15,0.09
Taney,MO,0.20,0.14,0.09
Texas,MO,0.23,0.16,0.10
Vernon,MO,0.22,0.16,0.10
Warren,MO,0.21,0.15,0.09
Washington,MO,0.23,0.16,0.10
Wayne,MO,0.23,0.17,0.10
Webster,MO,0.19,0.14,0.09
Worth,MO,0.21,0.15,0.09
Wright,MO,0.23,0.16,0.10
St. Louis city,MO,0.18,0.12,0.07
Beaverhead,MT,0.27,0.23,0.15
Big Horn,MT,0.31,0.26,0.18
Blaine,MT,0.32,0.27,0.18
Broadwater,MT,0.27,0.23,0.15
Carbon,MT,0.26,0.22,0.15
Carter,MT,0.31,0.26,0.18
Cascade,MT,0.32,0.27,0.18
Chouteau,MT,0.32,0.27,0.18
Custer,MT,0.31,0.26,0.18
Daniels,MT,0.31,0.26,0.18
Dawson,MT,0.31,0.26,0.18
Deer Lodge,MT,0.27,0.23,0.15
Fallon,MT,0.31,0.26,0.18
Fergus,MT,0.32,0.27,0.18
Flathead,MT,0.29,0.25,0.17
Gallatin,MT,0.26,0.22,0.15
Garfield,MT,0.31,0.26,0.18
Glacier,MT,0.29,0.25,0.17
Golden Valley,MT,0.31,0.26,0.18
Granite,MT,0.27,0.23,0.15
Hill,MT,0.32,0.27,0.18
Jefferson,MT,0.27,0.23,0.15
Judith Basin,MT,0.32,0.27,0.18
Lake,MT,0.29,0.24,0.16
Lewis and Clark,MT,0.27,0.23,0.15
Liberty,MT,0.32,0.27,0.18
Lincoln,MT,0.29,0.25,0.17
McCone,MT,0.31,0.26,0.18
Madison,MT,0.27,0.23,0.15
Meagher,MT,0.32,0.27,0.18
Mineral,MT,0.29,0.24,0.16
Missoula,MT,0.29,0.24,0.16
Musselshell,MT,0.31,0.26,0.18
Park,MT,0.26,0.22,0.15
Petroleum,MT,0.32,0.27,0.18
Phillips,MT,0.31,0.26,0.18
Pondera,MT,0.32,0.27,0.18
Powder River,MT,0.31,0.26,0.18
Powell,MT,0.27,0.23,0.15
Prairie,MT,0.31,0.26,0.18
Ravalli,MT,0.29,0.24,0.16
Richland,MT,0.31,0.26,0.18
Roosevelt,MT,0.31,0.26,0.18
Rosebud,MT,0.31,0.26,0.18
Sanders,MT,0.29,0.24,0.16
Sheridan,MT,0.31,0.26,0.18
Silver Bow,MT,0.27,0.23,0.15
Stillwater,MT,0.26,0.22,0.15
Sweet Grass,MT,0.26,0.22,0.15
Teton,MT,0.32,0.27,0.18
Toole,MT,0.32,0.27,0.18
Treasure,MT,0.31,0.26,0.18
Valley,MT,0.31,0.26,0.18
Wheatland,MT,0.32,0.27,0.18
Wibaux,MT,0.31,0.26,0.18
Yellowstone,MT,0.30,0.25,0.17
Adams,NE,0.13,0.09,0.05
Antelope,NE,0.13,0.08,0.05
Arthur,NE,0.13,0.09,0.05
Banner,NE,0.13,0.08,0.05
Blaine,NE,0.14,0.09,0.06
Boone,NE,0.13,0.08,0.05
Box Butte,NE,0.13,0.08,0.05
Boyd,NE,0.13,0.08,0.05
Brown,NE,0.13,0.08,0.05
Buffalo,NE,0.13,0.09,0.05
Burt,NE,0.13,0.08,0.05
Butler,NE,0.14,0.09,0.06
Cass,NE,0.13,0.09,0.05
Cedar,NE,0.13,0.08,0.05
Chase,NE,0.13,0.09,0.05
Cherry,NE,0.13,0.08,0.05
Cheyenne,NE,0.13,0.08,0.05
Clay,NE,0.13,0.09,0.05
Colfax,NE,0.13,0.08,0.05
Cuming,NE,0.13,0.08,0.05
Custer,NE,0.14,0.09,0.06
Dakota,NE,0.13,0.08,0.05
Dawes,NE,0.13,0.08,0.05
Dawson,NE,0.13,0.09,0.05
Deuel,NE,0.13,0.08,0.05
Dixon,NE,0.13,0.08,0.05
Dodge,NE,0.13,0.09,0.05
Douglas,NE,0.13,0.08,0.05
Dundy,NE,0.13,0.09,0.05
Fillmore,NE,0.14,0.09,0.06
Franklin,NE,0.13,0.09,0.05
Frontier,NE,0.13,0.09,0.05
Furnas,NE,0.13,0.09,0.05
Gage,NE,0.14,0.09,0.06
Garden,NE,0.13,0.08,0.05
Garfield,NE,0.14,0.09,0.06
Gosper,NE,0.13,0.09,0.05
Grant,NE,0.13,0.09,0.05
Greeley,NE,0.14,0.09,0.06
Hall,NE,0.14,0.09,0.06
Hamilton,NE,0.14,0.09,0.06
Harlan,NE,0.13,0.09,0.05
Hayes,NE,0.13,0.09,0.05
Hitchcock,NE,0.13,0.09,0.05
Holt,NE,0.13,0.08,0.05
Hooker,NE,0.13,0.09,0.05
Howard,NE,0.14,0.09,0.06
Jefferson,NE,0.14,0.09,0.06
Johnson,NE,0.14,0.09,0.06
Kearney,NE,0.13,0.09,0.05
Keith,NE,0.13,0.09,0.05
Keya Paha,NE,0.13,0.08,0.05
Kimball,NE,0.13,0.08,0.05
Knox,NE,0.13,0.08,0.05
Lancaster,NE,0.12,0.08,0.05
Lincoln,NE,0.13,0.09,0.05
Logan,NE,0.13,0.09,0.05
Loup,NE,0.14,0.09,0.06
McPherson,NE,0.13,0.09,0.05
Madison,NE,0.13,0.08,0.05
Merrick,NE,0.14,0.09,0.06
Morrill,NE,0.13,0.08,0.05
Nance,NE,0.13,0.08,0.05
Nemaha,NE,0.14,0.09,0.06
Nuckolls,NE,0.13,0.09,0.05
Otoe,NE,0.14,0.09,0.06
Pawnee,NE,0.14,0.09,0.06
Perkins,NE,0.13,0.09,0.05
Phelps,NE,0.13,0.09,0.05
Pierce,NE,0.13,0.08,0.05
Platte,NE,0.13,0.08,0.05
Polk,NE,0.14,0.09,0.06
Red Willow,NE,0.13,0.09,0.05
Richardson,NE,0.14,0.09,0.06
Rock,NE,0.13,0.08,0.05
Saline,NE,0.14,0.09,0.06
Sarpy,NE,0.12,0.08,0.05
Saunders,NE,0.13,0.09,0.05
Scotts Bluff,NE,0.13,0.08,0.05
Seward,NE,0.14,0.09,0.06
Sheridan,NE,0.13,0.08,0.05
Sherman,NE,0.14,0.09,0.06
Sioux,NE,0.13,0.08,0.05
Stanton,NE,0.13,0.08,0.05
Thayer,NE,0.14,0.09,0.06
Thomas,NE,0.13,0.09,0.05
Thurston,NE,0.13,0.08,0.05
Valley,NE,0.14,0.09,0.06
Washington,NE,0.13,0.09,0.05
Wayne,NE,0.13,0.08,0.05
Webster,NE,0.13,0.09,0.05
Wheeler,NE,0.14,0.09,0.06
York,NE,0.14,0.09,0.06
Churchill,NV,0.22,0.14,0.08
Clark,NV,0.20,0.12,0.06
Douglas,NV,0.20,0.12,0.07
Elko,NV,0.22,0.14,0.08
Esmeralda,NV,0.22,0.14,0.08
Eureka,NV,0.22,0.14,0.08
Humboldt,NV,0.22,0.14,0.08
Lander,NV,0.22,0.14,0.08
Lincoln,NV,0.22,0.14,0.08
Lyon,NV,0.20,0.12,0.07
Mineral,NV,0.22,0.14,0.08
Nye,NV,0.22,0.14,0.08
Pershing,NV,0.22,0.14,0.08
Storey,NV,0.20,0.12,0.07
Washoe,NV,0.18,0.11,0.06
White Pine,NV,0.22,0.14,0.08
Carson City,NV,0.20,0.12,0.07
Belknap,NH,0.13,0.10,0.07
Carroll,NH,0.13,0.10,0.07
Cheshire,NH,0.14,0.11,0.07
Coos,NH,0.13,0.11,0.07
Grafton,NH,0.13,0.11,0.07
Hillsborough,NH,0.13,0.10,0.07
Merrimack,NH,0.13,0.10,0.07
Rockingham,NH,0.11,0.09,0.06
Strafford,NH,0.13,0.11,0.07
Sullivan,NH,0.14,0.11,0.07
Atlantic,NJ,0.12,0.05,0.04
Bergen,NJ,0.08,0.04,0.03
Burlington,NJ,0.11,0.05,0.03
Camden,NJ,0.12,0.05,0.04
Cape May,NJ,0.12,0.06,0.04
Cumberland,NJ,0.14,0.06,0.04
Essex,NJ,0.12,0.05,0.04
Gloucester,NJ,0.12,0.05,0.04
Hudson,NJ,0.11,0.05,0.03
Hunterdon,NJ,0.09,0.04,0.03
Mercer,NJ,0.11,0.05,0.03
Middlesex,NJ,0.09,0.04,0.03
Monmouth,NJ,0.09,0.04,0.03
Morris,NJ,0.08,0.04,0.03
Ocean,NJ,0.12,0.05,0.04
Passaic,NJ,0.12,0.05,0.04
Salem,NJ,0.14,0.06,0.04
Somerset,NJ,0.08,0.04,0.03
Sussex,NJ,0.10,0.05,0.03
Union,NJ,0.11,0.05,0.03
Warren,NJ,0.11,0.05,0.03
Bernalillo,NM,0.12,0.07,0.04
Catron,NM,0.13,0.07,0.04
Chaves,NM,0.15,0.09,0.05
Cibola,NM,0.23,0.14,0.07
Colfax,NM,0.15,0.08,0.04
Curry,NM,0.15,0.08,0.04
DeBaca,NM,0.15,0.08,0.04
Dona Ana,NM,0.13,0.07,0.04
Eddy,NM,0.14,0.08,0.04
Grant,NM,0.13,0.07,0.04
Guadalupe,NM,0.15,0.08,0.04
Harding,NM,0.15,0.08,0.04
Hidalgo,NM,0.13,0.07,0.04
Lea,NM,0.14,0.08,0.04
Lincoln,NM,0.15,0.09,0.05
Los Alamos,NM,0.11,0.06,0.03
Luna,NM,0.13,0.07,0.04
McKinley,NM,0.23,0.14,0.07
Mora,NM,0.11,0.06,0.03
Otero,NM,0.15,0.09,0.05
Quay,NM,0.15,0.08,0.04
Rio Arriba,NM,0.11,0.06,0.03
Roosevelt,NM,0.15,0.08,0.04
Sandoval,NM,0.12,0.07,0.04
San Juan,NM,0.17,0.10,0.05
San Miguel,NM,0.11,0.06,0.03
Santa Fe,NM,0.11,0.06,0.03
Sierra,NM,0.13,0.07,0.04
Socorro,NM,0.13,0.07,0.04
Taos,NM,0.11,0.06,0.03
Torrance,NM,0.13,0.07,0.04
Union,NM,0.15,0.08,0.04
Valencia,NM,0.12,0.07,0.04
Albany,NY,0.11,0.06,0.04
Allegany,NY,0.15,0.08,0.06
Bronx,NY,0.14,0.07,0.05
Broome,NY,0.14,0.07,0.05
Cattaraugus,NY,0.15,0.08,0.06
Cayuga,NY,0.14,0.08,0.05
Chautauqua,NY,0.14,0.08,0.05
Chemung,NY,0.14,0.07,0.05
Chenango,NY,0.14,0.08,0.05
Clinton,NY,0.16,0.09,0.06
Columbia,NY,0.13,0.07,0.05
Cortland,NY,0.14,0.08,0.05
Delaware,NY,0.14,0.08,0.05
Dutchess,NY,0.12,0.06,0.04
Erie,NY,0.12,0.06,0.04
Essex,NY,0.16,0.09,0.06
Franklin,NY,0.16,0.09,0.06
Fulton,NY,0.15,0.08,0.06
Genesee,NY,0.16,0.09,0.06
Greene,NY,0.13,0.07,0.05
Hamilton,NY,0.16,0.09,0.06
Herkimer,NY,0.14,0.08,0.05
Jefferson,NY,0.17,0.09,0.06
Kings,NY,0.12,0.06,0.04
Lewis,NY,0.17,0.09,0.06
Livingston,NY,0.14,0.08,0.05
Madison,NY,0.14,0.08,0.05
Monroe,NY,0.12,0.06,0.04
Montgomery,NY,0.15,0.08,0.06
Nassau,NY,0.09,0.05,0.03
New York,NY,0.09,0.05,0.03
Niagara,NY,0.13,0.07,0.05
Oneida,NY,0.14,0.07,0.05
Onondaga,NY,0.12,0.07,0.05
Ontario,NY,0.12,0.07,0.05
Orange,NY,0.13,0.07,0.05
Orleans,NY,0.16,0.09,0.06
Oswego,NY,0.15,0.08,0.06
Otsego,NY,0.14,0.07,0.05
Putnam,NY,0.10,0.06,0.04
Queens,NY,0.10,0.05,0.04
Rensselaer,NY,0.13,0.07,0.05
Richmond,NY,0.11,0.06,0.04
Rockland,NY,0.13,0.07,0.05
St. Lawrence,NY,0.16,0.09,0.06
Saratoga,NY,0.11,0.06,0.04
Schenectady,NY,0.13,0.07,0.05
Schoharie,NY,0.14,0.07,0.05
Schuyler,NY,0.16,0.08,0.06
Seneca,NY,0.14,0.08,0.05
Steuben,NY,0.15,0.08,0.06
Suffolk,NY,0.10,0.06,0.04
Sullivan,NY,0.13,0.07,0.05
Tioga,NY,0.14,0.08,0.05
Tompkins,NY,0.11,0.06,0.04
Ulster,NY,0.12,0.07,0.05
Warren,NY,0.13,0.07,0.05
Washington,NY,0.13,0.07,0.05
Wayne,NY,0.14,0.08,0.05
Westchester,NY,0.09,0.05,0.04
Wyoming,NY,0.14,0.08,0.05
Yates,NY,0.12,0.07,0.05
Alamance,NC,0.20,0.13,0.10
Alexander,NC,0.22,0.15,0.12
Alleghany,NC,0.21,0.14,0.11
Anson,NC,0.22,0.15,0.12
Ashe,NC,0.20,0.14,0.11
Avery,NC,0.20,0.14,0.11
Beaufort,NC,0.18,0.13,0.10
Bertie,NC,0.19,0.13,0.10
Bladen,NC,0.23,0.15,0.12
Brunswick,NC,0.16,0.11,0.09
Buncombe,NC,0.18,0.12,0.10
Burke,NC,0.21,0.14,0.11
Cabarrus,NC,0.18,0.13,0.10
Caldwell,NC,0.22,0.15,0.12
Camden,NC,0.20,0.13,0.10
Carteret,NC,0.18,0.13,0.10
Caswell,NC,0.22,0.15,0.12
Catawba,NC,0.19,0.13,0.10
Chatham,NC,0.17,0.12,0.09
Cherokee,NC,0.20,0.14,0.11
Chowan,NC,0.20,0.13,0.10
Clay,NC,0.20,0.14,0.11
Cleveland,NC,0.20,0.14,0.11
Columbus,NC,0.23,0.15,0.12
Craven,NC,0.20,0.13,0.11
Cumberland,NC,0.23,0.15,0.11
Currituck,NC,0.20,0.13,0.10
Dare,NC,0.19,0.13,0.10
Davidson,NC,0.21,0.14,0.11
Davie,NC,0.20,0.14,0.11
Duplin,NC,0.21,0.14,0.11
Durham,NC,0.17,0.11,0.09
Edgecombe,NC,0.21,0.14,0.11
Forsyth,NC,0.19,0.13,0.10
Franklin,NC,0.20,0.13,0.10
Gaston,NC,0.21,0.14,0.11
Gates,NC,0.20,0.13,0.10
Graham,NC,0.20,0.14,0.10
Granville,NC,0.22,0.15,0.12
Greene,NC,0.22,0.14,0.11
Guilford,NC,0.18,0.12,0.09
Halifax,NC,0.22,0.15,0.11
Harnett,NC,0.22,0.15,0.11
Haywood,NC,0.20,0.14,0.10
Henderson,NC,0.18,0.12,0.09
Hertford,NC,0.22,0.15,0.11
Hoke,NC,0.23,0.15,0.12
Hyde,NC,0.19,0.13,0.10
Iredell,NC,0.18,0.13,0.10
Jackson,NC,0.20,0.14,0.11
Johnston,NC,0.20,0.13,0.10
Jones,NC,0.23,0.15,0.12
Lee,NC,0.17,0.12,0.09
Lenoir,NC,0.23,0.15,0.12
Lincoln,NC,0.20,0.14,0.11
McDowell,NC,0.21,0.14,0.11
Macon,NC,0.20,0.14,0.11
Madison,NC,0.20,0.14,0.10
Martin,NC,0.19,0.13,0.10
Mecklenburg,NC,0.17,0.11,0.08
Mitchell,NC,0.20,0.14,0.11
Montgomery,NC,0.18,0.12,0.09
Moore,NC,0.18,0.12,0.09
Nash,NC,0.21,0.14,0.11
New Hanover,NC,0.18,0.12,0.09
Northampton,NC,0.22,0.15,0.11
Onslow,NC,0.25,0.16,0.12
Orange,NC,0.14,0.10,0.07
Pamlico,NC,0.18,0.13,0.10
Pasquotank,NC,0.20,0.13,0.10
Pender,NC,0.18,0.12,0.09
Perquimans,NC,0.20,0.13,0.10
Person,NC,0.22,0.15,0.12
Pitt,NC,0.19,0.13,0.10
Polk,NC,0.20,0.13,0.10
Randolph,NC,0.22,0.15,0.12
Richmond,NC,0.23,0.15,0.12
Robeson,NC,0.26,0.17,0.13
Rockingham,NC,0.21,0.14,0.11
Rowan,NC,0.21,0.15,0.11
Rutherford,NC,0.20,0.13,0.10
Sampson,NC,0.21,0.14,0.11
Scotland,NC,0.23,0.15,0.12
Stanly,NC,0.19,0.14,0.10
Stokes,NC,0.21,0.14,0.11
Surry,NC,0.21,0.14,0.11
Swain,NC,0.20,0.14,0.10
Transylvania,NC,0.18,0.12,0.09
Tyrrell,NC,0.19,0.13,0.10
Union,NC,0.18,0.12,0.10
Vance,NC,0.20,0.13,0.10
Wake,NC,0.15,0.10,0.08
Warren,NC,0.21,0.14,0.11
Washington,NC,0.19,0.13,0.10
Watauga,NC,0.20,0.14,0.11
Wayne,NC,0.22,0.14,0.11
Wilkes,NC,0.21,0.14,0.11
Wilson,NC,0.22,0.14,0.11
Yadkin,NC,0.20,0.14,0.11
Yancey,NC,0.20,0.14,0.11
Adams,ND,0.20,0.14,0.10
Barnes,ND,0.19,0.14,0.10
Benson,ND,0.19,0.14,0.10
Billings,ND,0.20,0.14,0.10
Bottineau,ND,0.19,0.14,0.10
Bowman,ND,0.20,0.14,0.10
Burke,ND,0.20,0.14,0.10
Burleigh,ND,0.17,0.12,0.08
Cass,ND,0.18,0.12,0.08
Cavalier,ND,0.17,0.12,0.08
Dickey,ND,0.19,0.14,0.10
Divide,ND,0.20,0.14,0.10
Dunn,ND,0.20,0.14,0.10
Eddy,ND,0.19,0.14,0.10
Emmons,ND,0.17,0.12,0.08
Foster,ND,0.19,0.14,0.10
Golden Valley,ND,0.20,0.14,0.10
Grand Forks,ND,0.17,0.12,0.08
Grant,ND,0.20,0.14,0.10
Griggs,ND,0.17,0.12,0.08
Hettinger,ND,0.20,0.14,0.10
Kidder,ND,0.17,0.12,0.08
LaMoure,ND,0.19,0.14,0.10
Logan,ND,0.17,0.12,0.08
McHenry,ND,0.20,0.14,0.10
McIntosh,ND,0.17,0.12,0.08
McKenzie,ND,0.20,0.14,0.10
McLean,ND,0.20,0.14,0.10
Mercer,ND,0.20,0.14,0.10
Morton,ND,0.17,0.12,0.08
Mountrail,ND,0.20,0.14,0.10
Nelson,ND,0.19,0.14,0.10
Oliver,ND,0.20,0.14,0.10
Pembina,ND,0.17,0.12,0.08
Pierce,ND,0.19,0.14,0.10
Ramsey,ND,0.19,0.14,0.10
Ransom,ND,0.19,0.14,0.10
Renville,ND,0.20,0.14,0.10
Richland,ND,0.19,0.14,0.10
Rolette,ND,0.19,0.14,0.10
Sargent,ND,0.19,0.14,0.10
Sheridan,ND,0.19,0.14,0.10
Sioux,ND,0.20,0.14,0.10
Slope,ND,0.20,0.14,0.10
Stark,ND,0.20,0.14,0.10
Steele,ND,0.17,0.12,0.08
Stutsman,ND,0.19,0.14,0.10
Towner,ND,0.17,0.12,0.08
Traill,ND,0.17,0.12,0.08
Walsh,ND,0.17,0.12,0.08
Ward,ND,0.20,0.14,0.10
Wells,ND,0.19,0.14,0.10
Williams,ND,0.20,0.14,0.10
Adams,OH,0.24,0.17,0.10
Allen,OH,0.22,0.15,0.09
Ashland,OH,0.21,0.15,0.09
Ashtabula,OH,0.23,0.17,0.10
Athens,OH,0.21,0.15,0.09
Auglaize,OH,0.18,0.13,0.08
Belmont,OH,0.20,0.14,0.08
Brown,OH,0.21,0.16,0.09
Butler,OH,0.19,0.13,0.08
Carroll,OH,0.19,0.14,0.08
Champaign,OH,0.21,0.15,0.09
Clark,OH,0.22,0.15,0.09
Clermont,OH,0.18,0.14,0.08
Clinton,OH,0.24,0.17,0.10
Columbiana,OH,0.20,0.14,0.09
Coshocton,OH,0.24,0.18,0.11
Crawford,OH,0.21,0.15,0.09
Cuyahoga,OH,0.18,0.12,0.07
Darke,OH,0.20,0.14,0.09
Defiance,OH,0.20,0.14,0.08
Delaware,OH,0.14,0.10,0.06
Erie,OH,0.18,0.13,0.08
Fairfield,OH,0.18,0.13,0.08
Fayette,OH,0.23,0.17,0.10
Franklin,OH,0.18,0.13,0.07
Fulton,OH,0.19,0.13,0.08
Gallia,OH,0.21,0.15,0.09
Geauga,OH,0.15,0.12,0.07
Greene,OH,0.17,0.12,0.07
Guernsey,OH,0.24,0.18,0.11
Hamilton,OH,0.17,0.12,0.07
Hancock,OH,0.18,0.13,0.08
Hardin,OH,0.21,0.15,0.09
Harrison,OH,0.22,0.16,0.10
Henry,OH,0.20,0.14,0.08
Highland,OH,0.24,0.17,0.10
Hocking,OH,0.23,0.17,0.10
Holmes,OH,0.24,0.18,0.11
Huron,OH,0.21,0.15,0.09
Jackson,OH,0.23,0.17,0.10
Jefferson,OH,0.20,0.14,0.08
Knox,OH,0.22,0.16,0.10
Lake,OH,0.18,0.13,0.08
Lawrence,OH,0.22,0.16,0.10
Licking,OH,0.19,0.14,0.08
Logan,OH,0.21,0.15,0.09
Lorain,OH,0.18,0.13,0.08
Lucas,OH,0.20,0.14,0.08
Madison,OH,0.22,0.16,0.10
Mahoning,OH,0.20,0.14,0.08
Marion,OH,0.22,0.16,0.10
Medina,OH,0.16,0.12,0.07
Meigs,OH,0.21,0.15,0.09
Mercer,OH,0.18,0.13,0.08
Miami,OH,0.20,0.14,0.08
Monroe,OH,0.20,0.15,0.09
Montgomery,OH,0.19,0.14,0.08
Morgan,OH,0.20,0.15,0.09
Morrow,OH,0.22,0.16,0.10
Muskingum,OH,0.23,0.17,0.10
Noble,OH,0.20,0.15,0.09
Ottawa,OH,0.17,0.12,0.07
Paulding,OH,0.20,0.14,0.08
Perry,OH,0.23,0.17,0.10
Pickaway,OH,0.22,0.16,0.10
Pike,OH,0.23,0.17,0.10
Portage,OH,0.19,0.13,0.08
Preble,OH,0.20,0.14,0.09
Putnam,OH,0.18,0.13,0.08
Richland,OH,0.21,0.15,0.09
Ross,OH,0.23,0.17,0.10
Sandusky,OH,0.18,0.13,0.08
Scioto,OH,0.22,0.16,0.10
Seneca,OH,0.21,0.15,0.09
Shelby,OH,0.20,0.14,0.09
Stark,OH,0.20,0.14,0.08
Summit,OH,0.18,0.13,0.08
Trumbull,OH,0.21,0.15,0.09
Tuscarawas,OH,0.22,0.16,0.10
Union,OH,0.22,0.16,0.10
Van Wert,OH,0.18,0.13,0.08
Vinton,OH,0.23,0.17,0.10
Warren,OH,0.16,0.12,0.07
Washington,OH,0.20,0.15,0.09
Wayne,OH,0.21,0.15,0.10
Williams,OH,0.20,0.14,0.08
Wood,OH,0.18,0.13,0.07
Wyandot,OH,0.21,0.15,0.09
Adair,OK,0.29,0.21,0.15
Alfalfa,OK,0.26,0.20,0.14
Atoka,OK,0.27,0.20,0.14
Beaver,OK,0.26,0.20,0.14
Beckham,OK,0.24,0.18,0.12
Blaine,OK,0.26,0.20,0.14
Bryan,OK,0.27,0.20,0.14
Caddo,OK,0.26,0.20,0.14
Canadian,OK,0.24,0.18,0.13
Carter,OK,0.27,0.21,0.15
Cherokee,OK,0.29,0.21,0.15
Choctaw,OK,0.27,0.21,0.14
Cimarron,OK,0.26,0.20,0.14
Cleveland,OK,0.22,0.17,0.11
Coal,OK,0.27,0.20,0.14
Comanche,OK,0.28,0.20,0.14
Cotton,OK,0.26,0.20,0.14
Craig,OK,0.26,0.20,0.14
Creek,OK,0.24,0.18,0.13
Custer,OK,0.24,0.18,0.12
Delaware,OK,0.26,0.20,0.14
Dewey,OK,0.26,0.20,0.14
Ellis,OK,0.26,0.20,0.14
Garfield,OK,0.24,0.18,0.13
Garvin,OK,0.27,0.21,0.15
Grady,OK,0.24,0.19,0.13
Grant,OK,0.26,0.20,0.14
Greer,OK,0.24,0.18,0.12
Harmon,OK,0.24,0.18,0.12
Harper,OK,0.26,0.20,0.14
Haskell,OK,0.27,0.21,0.14
Hughes,OK,0.25,0.19,0.13
Jackson,OK,0.24,0.18,0.12
Jefferson,OK,0.26,0.20,0.14
Johnston,OK,0.27,0.20,0.14
Kay,OK,0.24,0.18,0.13
Kingfisher,OK,0.26,0.20,0.14
Kiowa,OK,0.24,0.18,0.12
Latimer,OK,0.27,0.21,0.14
Le Flore,OK,0.27,0.21,0.14
Lincoln,OK,0.25,0.19,0.13
Logan,OK,0.25,0.19,0.13
Love,OK,0.27,0.21,0.15
McClain,OK,0.24,0.19,0.13
McCurtain,OK,0.27,0.21,0.14
McIntosh,OK,0.26,0.20,0.14
Major,OK,0.26,0.20,0.14
Marshall,OK,0.27,0.20,0.14
Mayes,OK,0.26,0.20,0.14
Murray,OK,0.27,0.21,0.15
Muskogee,OK,0.26,0.20,0.14
Noble,OK,0.24,0.18,0.13
Nowata,OK,0.26,0.20,0.14
Okfuskee,OK,0.25,0.19,0.13
Oklahoma,OK,0.23,0.17,0.11
Okmulgee,OK,0.26,0.20,0.14
Osage,OK,0.24,0.19,0.13
Ottawa,OK,0.26,0.20,0.14
Pawnee,OK,0.25,0.20,0.14
Payne,OK,0.25,0.19,0.13
Pittsburg,OK,0.27,0.21,0.14
Pontotoc,OK,0.27,0.20,0.14
Pottawatomie,OK,0.25,0.19,0.13
Pushmataha,OK,0.27,0.21,0.14
Roger Mills,OK,0.24,0.18,0.12
Rogers,OK,0.23,0.18,0.12
Seminole,OK,0.25,0.19,0.13
Sequoyah,OK,0.29,0.21,0.15
Stephens,OK,0.26,0.20,0.14
Texas,OK,0.26,0.20,0.14
Tillman,OK,0.26,0.20,0.14
Tulsa,OK,0.22,0.17,0.11
Wagoner,OK,0.23,0.18,0.12
Washington,OK,0.25,0.20,0.14
Washita,OK,0.24,0.18,0.12
Woods,OK,0.26,0.20,0.14
Woodward,OK,0.26,0.20,0.14
Baker,OR,0.15,0.11,0.09
Benton,OR,0.13,0.11,0.08
Clackamas,OR,0.12,0.10,0.07
Clatsop,OR,0.14,0.11,0.09
Columbia,OR,0.14,0.11,0.09
Coos,OR,0.15,0.12,0.09
Crook,OR,0.14,0.11,0.09
Curry,OR,0.15,0.12,0.09
Deschutes,OR,0.12,0.10,0.07
Douglas,OR,0.15,0.12,0.09
Gilliam,OR,0.14,0.11,0.09
Grant,OR,0.14,0.11,0.09
Harney,OR,0.16,0.12,0.09
Hood River,OR,0.14,0.11,0.09
Jackson,OR,0.14,0.11,0.09
Jefferson,OR,0.14,0.11,0.09
Josephine,OR,0.15,0.12,0.09
Klamath,OR,0.16,0.12,0.09
Lake,OR,0.16,0.12,0.09
Lane,OR,0.14,0.11,0.08
Lincoln,OR,0.14,0.11,0.09
Linn,OR,0.13,0.11,0.08
Malheur,OR,0.16,0.12,0.09
Marion,OR,0.14,0.11,0.08
Morrow,OR,0.14,0.11,0.09
Multnomah,OR,0.12,0.09,0.07
Polk,OR,0.13,0.11,0.08
Sherman,OR,0.14,0.11,0.09
Tillamook,OR,0.14,0.11,0.09
Umatilla,OR,0.15,0.11,0.09
Union,OR,0.15,0.11,0.09
Wallowa,OR,0.15,0.11,0.09
Wasco,OR,0.14,0.11,0.09
Washington,OR,0.11,0.09,0.06
Wheeler,OR,0.14,0.11,0.09
Yamhill,OR,0.13,0.11,0.08
Adams,PA,0.17,0.12,0.08
Allegheny,PA,0.13,0.09,0.06
Armstrong,PA,0.18,0.13,0.08
Beaver,PA,0.15,0.11,0.07
Bedford,PA,0.18,0.13,0.09
Berks,PA,0.15,0.11,0.07
Blair,PA,0.18,0.13,0.08
Bradford,PA,0.17,0.12,0.08
Bucks,PA,0.12,0.09,0.06
Butler,PA,0.14,0.10,0.06
Cambria,PA,0.17,0.12,0.08
Cameron,PA,0.18,0.13,0.09
Carbon,PA,0.15,0.11,0.07
Centre,PA,0.16,0.11,0.07
Chester,PA,0.12,0.08,0.06
Clarion,PA,0.18,0.13,0.09
Clearfield,PA,0.18,0.13,0.09
Clinton,PA,0.18,0.13,0.08
Columbia,PA,0.17,0.12,0.08
Crawford,PA,0.18,0.12,0.08
Cumberland,PA,0.15,0.11,0.07
Dauphin,PA,0.15,0.11,0.07
Delaware,PA,0.14,0.10,0.07
Elk,PA,0.18,0.13,0.09
Erie,PA,0.18,0.12,0.08
Fayette,PA,0.20,0.14,0.09
Forest,PA,0.18,0.13,0.09
Franklin,PA,0.17,0.12,0.08
Fulton,PA,0.18,0.13,0.09
Greene,PA,0.17,0.12,0.08
Huntingdon,PA,0.18,0.13,0.08
Indiana,PA,0.18,0.13,0.08
Jefferson,PA,0.18,0.13,0.09
Juniata,PA,0.19,0.14,0.09
Lackawanna,PA,0.17,0.12,0.08
Lancaster,PA,0.16,0.11,0.08
Lawrence,PA,0.17,0.12,0.08
Lebanon,PA,0.17,0.12,0.08
Lehigh,PA,0.16,0.11,0.07
Luzerne,PA,0.17,0.12,0.08
Lycoming,PA,0.18,0.13,0.08
Mc Kean,PA,0.18,0.13,0.09
Mercer,PA,0.17,0.12,0.08
Mifflin,PA,0.19,0.14,0.09
Monroe,PA,0.15,0.11,0.07
Montgomery,PA,0.12,0.09,0.06
Montour,PA,0.18,0.12,0.08
Northampton,PA,0.14,0.10,0.06
Northumberland,PA,0.18,0.12,0.08
Perry,PA,0.17,0.12,0.08
Philadelphia,PA,0.17,0.11,0.07
Pike,PA,0.17,0.12,0.08
Potter,PA,0.18,0.13,0.09
Schuylkill,PA,0.18,0.12,0.08
Snyder,PA,0.19,0.14,0.09
Somerset,PA,0.18,0.13,0.09
Sullivan,PA,0.17,0.12,0.08
Susquehanna,PA,0.17,0.12,0.08
Tioga,PA,0.17,0.12,0.08
Union,PA,0.19,0.14,0.09
Venango,PA,0.18,0.13,0.09
Warren,PA,0.18,0.12,0.08
Washington,PA,0.15,0.11,0.07
Wayne,PA,0.17,0.12,0.08
Westmoreland,PA,0.15,0.11,0.07
Wyoming,PA,0.15,0.10,0.07
York,PA,0.16,0.11,0.07
Bristol,RI,0.08,0.06,0.05
Kent,RI,0.09,0.07,0.05
Newport,RI,0.08,0.06,0.05
Providence,RI,0.10,0.07,0.05
Washington,RI,0.08,0.06,0.05
Abbeville,SC,0.22,0.14,0.08
Aiken,SC,0.23,0.15,0.08
Allendale,SC,0.24,0.15,0.08
Anderson,SC,0.22,0.15,0.08
Bamberg,SC,0.24,0.15,0.08
Barnwell,SC,0.24,0.15,0.08
Beaufort,SC,0.19,0.12,0.07
Berkeley,SC,0.21,0.13,0.07
Calhoun,SC,0.22,0.14,0.08
Charleston,SC,0.19,0.13,0.07
Cherokee,SC,0.24,0.15,0.09
Chester,SC,0.24,0.15,0.09
Chesterfield,SC,0.23,0.15,0.08
Clarendon,SC,0.24,0.15,0.09
Colleton,SC,0.24,0.15,0.08
Darlington,SC,0.23,0.14,0.08
Dillon,SC,0.23,0.14,0.08
Dorchester,SC,0.22,0.15,0.08
Edgefield,SC,0.23,0.15,0.08
Fairfield,SC,0.19,0.12,0.07
Florence,SC,0.23,0.14,0.08
Georgetown,SC,0.23,0.14,0.08
Greenville,SC,0.20,0.14,0.08
Greenwood,SC,0.22,0.14,0.08
Hampton,SC,0.24,0.15,0.08
Horry,SC,0.22,0.14,0.08
Jasper,SC,0.19,0.12,0.07
Kershaw,SC,0.22,0.14,0.08
Lancaster,SC,0.23,0.15,0.08
Laurens,SC,0.22,0.15,0.08
Lee,SC,0.24,0.15,0.09
Lexington,SC,0.22,0.14,0.08
McCormick,SC,0.22,0.14,0.08
Marion,SC,0.23,0.14,0.08
Marlboro,SC,0.23,0.15,0.08
Newberry,SC,0.24,0.15,0.09
Oconee,SC,0.22,0.15,0.08
Orangeburg,SC,0.24,0.15,0.08
Pickens,SC,0.22,0.15,0.08
Richland,SC,0.21,0.13,0.07
Saluda,SC,0.23,0.15,0.09
Spartanburg,SC,0.22,0.14,0.08
Sumter,SC,0.24,0.15,0.09
Union,SC,0.24,0.15,0.09
Williamsburg,SC,0.24,0.15,0.09
York,SC,0.20,0.13,0.07
Aurora,SD,0.15,0.10,0.08
Beadle,SD,0.15,0.10,0.08
Bennett,SD,0.21,0.14,0.10
Bon Homme,SD,0.15,0.10,0.08
Brookings,SD,0.15,0.10,0.08
Brown,SD,0.15,0.10,0.07
Brule,SD,0.15,0.10,0.08
Buffalo,SD,0.21,0.14,0.10
Butte,SD,0.15,0.10,0.08
Campbell,SD,0.15,0.10,0.07
Charles Mix,SD,0.21,0.14,0.10
Clark,SD,0.15,0.10,0.07
Clay,SD,0.15,0.10,0.07
Codington,SD,0.15,0.10,0.07
Corson,SD,0.21,0.14,0.10
Custer,SD,0.15,0.10,0.08
Davison,SD,0.15,0.10,0.08
Day,SD,0.15,0.10,0.07
Deuel,SD,0.15,0.10,0.07
Dewey,SD,0.21,0.14,0.10
Douglas,SD,0.15,0.10,0.08
Edmunds,SD,0.15,0.10,0.07
Fall River,SD,0.21,0.14,0.10
Faulk,SD,0.15,0.10,0.07
Grant,SD,0.15,0.10,0.07
Gregory,SD,0.21,0.14,0.10
Haakon,SD,0.21,0.14,0.10
Hamlin,SD,0.15,0.10,0.07
Hand,SD,0.15,0.10,0.08
Hanson,SD,0.15,0.10,0.08
Harding,SD,0.15,0.10,0.08
Hughes,SD,0.21,0.14,0.10
Hutchinson,SD,0.15,0.10,0.08
Hyde,SD,0.21,0.14,0.10
Jackson,SD,0.21,0.14,0.10
Jerauld,SD,0.15,0.10,0.08
Jones,SD,0.21,0.14,0.10
Kingsbury,SD,0.15,0.10,0.08
Lake,SD,0.15,0.10,0.08
Lawrence,SD,0.15,0.10,0.08
Lincoln,SD,0.14,0.10,0.07
Lyman,SD,0.21,0.14,0.10
McCook,SD,0.15,0.10,0.07
McPherson,SD,0.15,0.10,0.07
Marshall,SD,0.15,0.10,0.07
Meade,SD,0.15,0.10,0.08
Mellette,SD,0.21,0.14,0.10
Miner,SD,0.15,0.10,0.08
Minnehaha,SD,0.14,0.10,0.07
Moody,SD,0.15,0.10,0.08
Pennington,SD,0.15,0.10,0.08
Perkins,SD,0.15,0.10,0.08
Potter,SD,0.15,0.10,0.07
Roberts,SD,0.15,0.10,0.07
Sanborn,SD,0.15,0.10,0.08
Shannon SD ,D),0.21,0.14,0.10
Spink,SD,0.15,0.10,0.07
Stanley,SD,0.21,0.14,0.10
Sully,SD,0.21,0.14,0.10
Todd,SD,0.21,0.14,0.10
Tripp,SD,0.21,0.14,0.10
Turner,SD,0.15,0.10,0.07
Union,SD,0.15,0.10,0.07
Walworth,SD,0.15,0.10,0.07
Yankton,SD,0.15,0.10,0.07
Ziebach,SD,0.21,0.14,0.10
Anderson,TN,0.21,0.14,0.09
Bedford,TN,0.20,0.13,0.08
Benton,TN,0.21,0.14,0.09
Bledsoe,TN,0.22,0.15,0.10
Blount,TN,0.19,0.13,0.08
Bradley,TN,0.21,0.14,0.09
Campbell,TN,0.22,0.15,0.10
Cannon,TN,0.23,0.15,0.10
Carroll,TN,0.21,0.14,0.09
Carter,TN,0.21,0.14,0.09
Cheatham,TN,0.21,0.14,0.09
Chester,TN,0.20,0.13,0.08
Claiborne,TN,0.22,0.15,0.10
Clay,TN,0.20,0.13,0.08
Cocke,TN,0.22,0.15,0.10
Coffee,TN,0.20,0.14,0.09
Crockett,TN,0.21,0.14,0.09
Cumberland,TN,0.21,0.14,0.09
Davidson,TN,0.17,0.11,0.07
Decatur,TN,0.22,0.15,0.09
DeKalb,TN,0.23,0.15,0.10
Dickson,TN,0.21,0.14,0.09
Dyer,TN,0.21,0.14,0.09
Fayette,TN,0.20,0.13,0.08
Fentress,TN,0.21,0.14,0.09
Franklin,TN,0.20,0.14,0.09
Gibson,TN,0.21,0.14,0.09
Giles,TN,0.22,0.15,0.09
Grainger,TN,0.22,0.15,0.10
Greene,TN,0.21,0.14,0.09
Grundy,TN,0.22,0.15,0.10
Hamblen,TN,0.22,0.15,0.10
Hamilton,TN,0.17,0.11,0.07
Hancock,TN,0.22,0.15,0.10
Hardeman,TN,0.22,0.15,0.09
Hardin,TN,0.22,0.15,0.09
Hawkins,TN,0.21,0.14,0.09
Haywood,TN,0.22,0.15,0.09
Henderson,TN,0.22,0.15,0.09
Henry,TN,0.21,0.14,0.09
Hickman,TN,0.21,0.14,0.09
Houston,TN,0.21,0.14,0.09
Humphreys,TN,0.21,0.14,0.09
Jackson,TN,0.20,0.13,0.08
Jefferson,TN,0.21,0.14,0.09
Johnson,TN,0.21,0.14,0.09
Knox,TN,0.18,0.12,0.07
Lake,TN,0.21,0.14,0.09
Lauderdale,TN,0.20,0.13,0.08
Lawrence,TN,0.22,0.15,0.09
Lewis,TN,0.22,0.15,0.09
Lincoln,TN,0.20,0.14,0.09
Loudon,TN,0.19,0.13,0.08
McMinn,TN,0.21,0.14,0.09
McNairy,TN,0.22,0.15,0.09
Macon,TN,0.23,0.15,0.10
Madison,TN,0.20,0.13,0.08
Marion,TN,0.22,0.15,0.10
Marshall,TN,0.20,0.13,0.08
Maury,TN,0.20,0.13,0.08
Meigs,TN,0.22,0.15,0.10
Monroe,TN,0.19,0.13,0.08
Montgomery,TN,0.21,0.13,0.08
Moore,TN,0.20,0.14,0.09
Morgan,TN,0.22,0.15,0.10
Obion,TN,0.21,0.14,0.09
Overton,TN,0.20,0.13,0.08
Perry,TN,0.22,0.15,0.09
Pickett,TN,0.20,0.13,0.08
Polk,TN,0.21,0.14,0.09
Putnam,TN,0.20,0.13,0.08
Rhea,TN,0.22,0.15,0.10
Roane,TN,0.19,0.13,0.08
Robertson,TN,0.21,0.14,0.09
Rutherford,TN,0.18,0.12,0.07
Scott,TN,0.22,0.15,0.10
Sequatchie,TN,0.22,0.15,0.10
Sevier,TN,0.21,0.14,0.09
Shelby,TN,0.19,0.12,0.07
Smith,TN,0.23,0.15,0.10
Stewart,TN,0.21,0.13,0.08
Sullivan,TN,0.20,0.13,0.08
Sumner,TN,0.18,0.12,0.08
Tipton,TN,0.20,0.13,0.08
Trousdale,TN,0.23,0.15,0.10
Unicoi,TN,0.21,0.14,0.09
Union,TN,0.21,0.14,0.09
Van Buren,TN,0.21,0.14,0.09
Warren,TN,0.23,0.15,0.10
Washington,TN,0.19,0.13,0.08
Wayne,TN,0.22,0.15,0.09
Weakley,TN,0.21,0.14,0.09
White,TN,0.21,0.14,0.09
Williamson,TN,0.12,0.09,0.05
Wilson,TN,0.17,0.12,0.07
Anderson,TX,0.21,0.14,0.09
Andrews,TX,0.18,0.12,0.08
Angelina,TX,0.19,0.13,0.08
Aransas,TX,0.18,0.12,0.08
Archer,TX,0.19,0.13,0.09
Armstrong,TX,0.19,0.12,0.08
Atascosa,TX,0.17,0.11,0.08
Austin,TX,0.17,0.11,0.07
Bailey,TX,0.18,0.11,0.08
Bandera,TX,0.17,0.11,0.08
Bastrop,TX,0.19,0.12,0.08
Baylor,TX,0.19,0.13,0.09
Bee,TX,0.18,0.12,0.08
Bell,TX,0.20,0.12,0.08
Bexar,TX,0.16,0.10,0.06
Blanco,TX,0.15,0.10,0.07
Borden,TX,0.19,0.12,0.08
Bosque,TX,0.19,0.12,0.08
Bowie,TX,0.21,0.14,0.09
Brazoria,TX,0.16,0.11,0.07
Brazos,TX,0.17,0.11,0.07
Brewster,TX,0.18,0.12,0.08
Briscoe,TX,0.19,0.12,0.08
Brooks,TX,0.16,0.10,0.06
Brown,TX,0.19,0.13,0.09
Burleson,TX,0.19,0.12,0.08
Burnet,TX,0.19,0.13,0.08
Caldwell,TX,0.19,0.12,0.08
Calhoun,TX,0.17,0.11,0.07
Callahan,TX,0.19,0.13,0.09
Cameron,TX,0.17,0.11,0.07
Camp,TX,0.19,0.13,0.09
Carson,TX,0.19,0.12,0.08
Cass,TX,0.21,0.14,0.09
Castro,TX,0.19,0.12,0.08
Chambers,TX,0.20,0.14,0.09
Cherokee,TX,0.19,0.13,0.09
Childress,TX,0.19,0.12,0.08
Clay,TX,0.19,0.13,0.09
Cochran,TX,0.18,0.11,0.08
Coke,TX,0.19,0.12,0.08
Coleman,TX,0.19,0.13,0.09
Collin,TX,0.12,0.08,0.05
Collingsworth,TX,0.19,0.12,0.08
Colorado,TX,0.17,0.11,0.07
Comal,TX,0.14,0.09,0.06
Comanche,TX,0.19,0.13,0.09
Concho,TX,0.19,0.12,0.08
Cooke,TX,0.19,0.13,0.09
Coryell,TX,0.19,0.13,0.08
Cottle,TX,0.19,0.13,0.09
Crane,TX,0.18,0.12,0.08
Crockett,TX,0.19,0.12,0.08
Crosby,TX,0.18,0.11,0.08
Culberson,TX,0.18,0.12,0.08
Dallam,TX,0.19,0.12,0.08
Dallas,TX,0.17,0.11,0.07
Dawson,TX,0.19,0.12,0.08
Deaf Smith,TX,0.19,0.12,0.08
Delta,TX,0.19,0.13,0.09
Denton,TX,0.14,0.09,0.06
DeWitt,TX,0.17,0.11,0.08
Dickens,TX,0.18,0.11,0.08
Dimmit,TX,0.17,0.11,0.07
Donley,TX,0.19,0.12,0.08
Duval,TX,0.19,0.11,0.07
Eastland,TX,0.19,0.13,0.09
Ector,TX,0.17,0.11,0.07
Edwards,TX,0.17,0.11,0.07
Ellis,TX,0.17,0.11,0.08
El Paso,TX,0.16,0.10,0.06
Erath,TX,0.17,0.11,0.08
Falls,TX,0.19,0.12,0.08
Fannin,TX,0.19,0.13,0.09
Fayette,TX,0.19,0.12,0.08
Fisher,TX,0.19,0.13,0.09
Floyd,TX,0.18,0.11,0.08
Foard,TX,0.19,0.13,0.09
Fort Bend,TX,0.12,0.08,0.05
Franklin,TX,0.19,0.13,0.09
Freestone,TX,0.19,0.12,0.08
Frio,TX,0.17,0.11,0.08
Gaines,TX,0.18,0.12,0.08
Galveston,TX,0.16,0.10,0.07
Garza,TX,0.18,0.11,0.08
Gillespie,TX,0.15,0.10,0.07
Glasscock,TX,0.19,0.12,0.08
Goliad,TX,0.17,0.11,0.08
Gonzales,TX,0.17,0.11,0.08
Gray,TX,0.19,0.12,0.08
Grayson,TX,0.19,0.13,0.09
Gregg,TX,0.19,0.13,0.09
Grimes,TX,0.19,0.12,0.08
Guadalupe,TX,0.15,0.10,0.07
Hale,TX,0.18,0.11,0.08
Hall,TX,0.19,0.12,0.08
Hamilton,TX,0.19,0.13,0.08
Hansford,TX,0.19,0.12,0.08
Hardeman,TX,0.19,0.13,0.09
Hardin,TX,0.19,0.13,0.09
Harris,TX,0.17,0.11,0.07
Harrison,TX,0.19,0.13,0.09
Hartley,TX,0.19,0.12,0.08
Haskell,TX,0.19,0.13,0.09
Hays,TX,0.16,0.10,0.07
Hemphill,TX,0.19,0.12,0.08
Henderson,TX,0.21,0.14,0.09
Hidalgo,TX,0.17,0.11,0.07
Hill,TX,0.19,0.12,0.08
Hockley,TX,0.18,0.11,0.08
Hood,TX,0.17,0.11,0.08
Hopkins,TX,0.19,0.13,0.09
Houston,TX,0.21,0.14,0.09
Howard,TX,0.19,0.12,0.08
Hudspeth,TX,0.18,0.12,0.08
Hunt,TX,0.17,0.11,0.07
Hutchinson,TX,0.19,0.12,0.08
Irion,TX,0.19,0.12,0.08
Jack,TX,0.19,0.13,0.09
Jackson,TX,0.17,0.11,0.08
Jasper,TX,0.22,0.14,0.10
Jeff Davis,TX,0.18,0.12,0.08
Jefferson,TX,0.19,0.12,0.08
Jim Hogg,TX,0.19,0.11,0.07
Jim Wells,TX,0.16,0.10,0.06
Johnson,TX,0.20,0.13,0.09
Jones,TX,0.19,0.13,0.09
Karnes,TX,0.17,0.11,0.08
Kaufman,TX,0.18,0.12,0.08
Kendall,TX,0.15,0.10,0.07
Kenedy,TX,0.16,0.10,0.06
Kent,TX,0.19,0.13,0.09
Kerr,TX,0.15,0.10,0.07
Kimble,TX,0.19,0.12,0.08
King,TX,0.18,0.11,0.08
Kinney,TX,0.17,0.11,0.07
Kleberg,TX,0.16,0.10,0.06
Knox,TX,0.19,0.13,0.09
Lamar,TX,0.19,0.13,0.09
Lamb,TX,0.18,0.11,0.08
Lampasas,TX,0.19,0.13,0.08
La Salle,TX,0.17,0.11,0.07
Lavaca,TX,0.17,0.11,0.08
Lee,TX,0.19,0.12,0.08
Leon,TX,0.19,0.12,0.08
Liberty,TX,0.20,0.14,0.09
Limestone,TX,0.19,0.12,0.08
Lipscomb,TX,0.19,0.12,0.08
Live Oak,TX,0.19,0.11,0.07
Llano,TX,0.19,0.13,0.08
Loving,TX,0.18,0.12,0.08
Lubbock,TX,0.17,0.11,0.07
Lynn,TX,0.18,0.11,0.08
McCulloch,TX,0.19,0.12,0.08
McLennan,TX,0.18,0.11,0.07
McMullen,TX,0.19,0.11,0.07
Madison,TX,0.19,0.12,0.08
Marion,TX,0.19,0.13,0.09
Martin,TX,0.19,0.12,0.08
Mason,TX,0.19,0.12,0.08
Matagorda,TX,0.17,0.11,0.07
Maverick,TX,0.17,0.11,0.07
Medina,TX,0.17,0.11,0.08
Menard,TX,0.19,0.12,0.08
Midland,TX,0.16,0.10,0.07
Milam,TX,0.19,0.12,0.08
Mills,TX,0.19,0.13,0.08
Mitchell,TX,0.19,0.13,0.09
Montague,TX,0.19,0.13,0.09
Montgomery,TX,0.16,0.11,0.07
Moore,TX,0.19,0.12,0.08
Morris,TX,0.19,0.13,0.09
Motley,TX,0.18,0.11,0.08
Nacogdoches,TX,0.19,0.13,0.08
Navarro,TX,0.19,0.12,0.08
Newton,TX,0.22,0.14,0.10
Nolan,TX,0.19,0.13,0.09
Nueces,TX,0.16,0.10,0.06
Ochiltree,TX,0.19,0.12,0.08
Oldham,TX,0.19,0.12,0.08
Orange,TX,0.19,0.13,0.09
Palo Pinto,TX,0.17,0.11,0.08
Panola,TX,0.19,0.13,0.09
Parker,TX,0.17,0.12,0.08
Parmer,TX,0.19,0.12,0.08
Pecos,TX,0.18,0.12,0.08
Polk,TX,0.21,0.14,0.09
Potter,TX,0.20,0.13,0.09
Presidio,TX,0.18,0.12,0.08
Rains,TX,0.19,0.13,0.09
Randall,TX,0.15,0.10,0.07
Reagan,TX,0.19,0.12,0.08
Real,TX,0.17,0.11,0.07
Red River,TX,0.19,0.13,0.09
Reeves,TX,0.18,0.12,0.08
Refugio,TX,0.18,0.12,0.08
Roberts,TX,0.19,0.12,0.08
Robertson,TX,0.19,0.12,0.08
Rockwall,TX,0.17,0.11,0.07
Runnels,TX,0.19,0.13,0.09
Rusk,TX,0.19,0.13,0.09
Sabine,TX,0.22,0.14,0.10
San Augustine,TX,0.22,0.14,0.10
San Jacinto,TX,0.21,0.14,0.09
San Patricio,TX,0.18,0.12,0.08
San Saba,TX,0.19,0.13,0.08
Schleicher,TX,0.19,0.12,0.08
Scurry,TX,0.19,0.13,0.09
Shackelford,TX,0.19,0.13,0.09
Shelby,TX,0.22,0.14,0.10
Sherman,TX,0.19,0.12,0.08
Smith,TX,0.18,0.12,0.08
Somervell,TX,0.17,0.11,0.08
Starr,TX,0.19,0.11,0.07
Stephens,TX,0.19,0.13,0.09
Sterling,TX,0.19,0.12,0.08
Stonewall,TX,0.19,0.13,0.09
Sutton,TX,0.19,0.12,0.08
Swisher,TX,0.19,0.12,0.08
Tarrant,TX,0.16,0.11,0.07
Taylor,TX,0.18,0.12,0.08
Terrell,TX,0.18,0.12,0.08
Terry,TX,0.18,0.11,0.08
Throckmorton,TX,0.19,0.13,0.09
Titus,TX,0.19,0.13,0.09
Tom Green,TX,0.17,0.11,0.07
Travis,TX,0.14,0.09,0.06
Trinity,TX,0.21,0.14,0.09
Tyler,TX,0.22,0.14,0.10
Upshur,TX,0.19,0.13,0.09
Upton,TX,0.19,0.12,0.08
Uvalde,TX,0.17,0.11,0.07
Val Verde,TX,0.17,0.11,0.07
Van Zandt,TX,0.19,0.13,0.09
Victoria,TX,0.17,0.11,0.07
Walker,TX,0.21,0.14,0.09
Waller,TX,0.17,0.11,0.07
Ward,TX,0.18,0.12,0.08
Washington,TX,0.19,0.12,0.08
Webb,TX,0.17,0.10,0.07
Wharton,TX,0.17,0.11,0.07
Wheeler,TX,0.19,0.12,0.08
Wichita,TX,0.20,0.13,0.09
Wilbarger,TX,0.19,0.13,0.09
Willacy,TX,0.16,0.10,0.06
Williamson,TX,0.14,0.09,0.06
Wilson,TX,0.17,0.11,0.08
Winkler,TX,0.18,0.12,0.08
Wise,TX,0.19,0.13,0.09
Wood,TX,0.19,0.13,0.09
Yoakum,TX,0.18,0.11,0.08
Young,TX,0.19,0.13,0.09
Zapata,TX,0.19,0.11,0.07
Zavala,TX,0.17,0.11,0.07
Beaver,UT,0.16,0.12,0.07
Box Elder,UT,0.16,0.12,0.08
Cache,UT,0.14,0.10,0.06
Carbon,UT,0.18,0.13,0.08
Daggett,UT,0.18,0.13,0.08
Davis,UT,0.13,0.10,0.06
Duchesne,UT,0.18,0.13,0.08
Emery,UT,0.18,0.13,0.08
Garfield,UT,0.16,0.12,0.07
Grand,UT,0.18,0.13,0.08
Iron,UT,0.16,0.12,0.07
Juab,UT,0.16,0.12,0.07
Kane,UT,0.16,0.12,0.07
Millard,UT,0.16,0.12,0.07
Morgan,UT,0.14,0.10,0.06
Piute,UT,0.16,0.12,0.07
Rich,UT,0.14,0.10,0.06
Salt Lake,UT,0.14,0.10,0.06
San Juan,UT,0.18,0.13,0.08
Sanpete,UT,0.16,0.12,0.07
Sevier,UT,0.16,0.12,0.07
Summit,UT,0.14,0.10,0.06
Tooele,UT,0.16,0.12,0.08
Uintah,UT,0.18,0.13,0.08
Utah,UT,0.15,0.11,0.07
Wasatch,UT,0.18,0.13,0.08
Washington,UT,0.14,0.10,0.06
Wayne,UT,0.16,0.12,0.07
Weber,UT,0.15,0.11,0.07
Addison,VT,0.09,0.04,0.02
Bennington,VT,0.09,0.04,0.02
Caledonia,VT,0.09,0.04,0.02
Chittenden,VT,0.09,0.04,0.02
Essex,VT,0.09,0.04,0.02
Franklin,VT,0.09,0.04,0.02
Grand Isle,VT,0.09,0.04,0.02
Lamoille,VT,0.09,0.04,0.02
Orange,VT,0.09,0.04,0.02
Orleans,VT,0.09,0.04,0.02
Rutland,VT,0.09,0.04,0.02
Washington,VT,0.09,0.04,0.02
Windham,VT,0.09,0.04,0.02
Windsor,VT,0.09,0.04,0.02
Accomack,VA,0.12,0.06,0.04
Albemarle,VA,0.11,0.05,0.04
Alleghany,VA,0.11,0.06,0.04
Amelia,VA,0.15,0.07,0.05
Amherst,VA,0.12,0.06,0.04
Appomattox,VA,0.12,0.06,0.04
Arlington,VA,0.07,0.04,0.02
Augusta,VA,0.14,0.07,0.05
Bath,VA,0.14,0.07,0.05
Bedford VA ,R),0.12,0.06,0.04
Bland,VA,0.14,0.07,0.05
Botetourt,VA,0.11,0.06,0.04
Brunswick,VA,0.15,0.07,0.05
Buchanan,VA,0.16,0.08,0.06
Buckingham,VA,0.15,0.07,0.05
Campbell,VA,0.14,0.07,0.05
Caroline,VA,0.12,0.06,0.04
Carroll,VA,0.14,0.07,0.05
Charles City,VA,0.11,0.06,0.04
Charlotte,VA,0.15,0.07,0.05
Chesterfield,VA,0.11,0.05,0.04
Clarke,VA,0.12,0.06,0.04
Craig,VA,0.11,0.06,0.04
Culpeper,VA,0.12,0.06,0.04
Cumberland,VA,0.15,0.07,0.05
Dickenson,VA,0.16,0.08,0.06
Dinwiddie,VA,0.14,0.07,0.05
Essex,VA,0.12,0.06,0.04
Fairfax,VA,0.07,0.04,0.03
Fauquier,VA,0.12,0.06,0.04
Floyd,VA,0.13,0.06,0.04
Fluvanna,VA,0.12,0.06,0.04
Franklin,VA,0.11,0.06,0.04
Frederick,VA,0.12,0.06,0.04
Giles,VA,0.13,0.06,0.04
Gloucester,VA,0.12,0.06,0.04
Goochland,VA,0.11,0.06,0.04
Grayson,VA,0.14,0.07,0.05
Greene,VA,0.10,0.05,0.03
Greensville,VA,0.14,0.07,0.05
Halifax,VA,0.15,0.07,0.05
Hanover,VA,0.11,0.06,0.04
Henrico,VA,0.11,0.05,0.03
Henry,VA,0.14,0.07,0.05
Highland,VA,0.14,0.07,0.05
Isle of Wight,VA,0.13,0.06,0.04
James City,VA,0.10,0.05,0.03
King and Queen,VA,0.12,0.06,0.04
King George,VA,0.12,0.06,0.04
King William,VA,0.11,0.06,0.04
Lancaster,VA,0.12,0.06,0.04
Lee,VA,0.16,0.08,0.06
Loudoun,VA,0.07,0.04,0.03
Louisa,VA,0.12,0.06,0.04
Lunenburg,VA,0.15,0.07,0.05
Madison,VA,0.12,0.06,0.04
Mathews,VA,0.12,0.06,0.04
Mecklenburg,VA,0.15,0.07,0.05
Middlesex,VA,0.12,0.06,0.04
Montgomery,VA,0.13,0.06,0.04
Nelson,VA,0.12,0.06,0.04
New Kent,VA,0.11,0.06,0.04
Northampton,VA,0.12,0.06,0.04
Northumberland,VA,0.12,0.06,0.04
Nottoway,VA,0.15,0.07,0.05
Orange,VA,0.12,0.06,0.04
Page,VA,0.13,0.07,0.05
Patrick,VA,0.14,0.07,0.05
Pittsylvania,VA,0.14,0.07,0.05
Powhatan,VA,0.11,0.06,0.04
Prince Edward,VA,0.15,0.07,0.05
Prince George,VA,0.14,0.07,0.05
Prince William,VA,0.10,0.05,0.03
Pulaski,VA,0.13,0.06,0.04
Rappahannock,VA,0.12,0.06,0.04
Richmond,VA,0.12,0.06,0.04
Roanoke,VA,0.12,0.06,0.04
Rockbridge,VA,0.14,0.07,0.05
Rockingham,VA,0.13,0.06,0.04
Russell,VA,0.16,0.08,0.06
Scott,VA,0.16,0.08,0.06
Shenandoah,VA,0.13,0.07,0.05
Smyth,VA,0.14,0.07,0.05
Southampton,VA,0.13,0.06,0.04
Spotsylvania,VA,0.12,0.06,0.04
Stafford,VA,0.12,0.06,0.04
Surry,VA,0.14,0.07,0.05
Sussex,VA,0.14,0.07,0.05
Tazewell,VA,0.16,0.08,0.06
Warren,VA,0.13,0.07,0.05
Washington,VA,0.14,0.07,0.05
Westmoreland,VA,0.12,0.06,0.04
Wise,VA,0.16,0.08,0.06
Wythe,VA,0.14,0.07,0.05
York,VA,0.10,0.05,0.03
Alexandria city,VA,0.09,0.04,0.03
Bedford city VA ,D),0.12,0.06,0.04
Bristol city,VA,0.14,0.07,0.05
Buena Vista city,VA,0.14,0.07,0.05
Charlottesville city,VA,0.10,0.05,0.03
Chesapeake city,VA,0.13,0.06,0.04
Colonial Heights city,VA,0.14,0.07,0.05
Covington city,VA,0.11,0.06,0.04
Danville city,VA,0.14,0.07,0.05
Emporia city,VA,0.14,0.07,0.05
Fairfax city,VA,0.08,0.04,0.03
Falls Church city,VA,0.05,0.03,0.02
Franklin city,VA,0.13,0.06,0.04
Fredericksburg city,VA,0.12,0.06,0.04
Galax city,VA,0.14,0.07,0.05
Hampton city,VA,0.13,0.06,0.04
Harrisonburg city,VA,0.13,0.06,0.04
Hopewell city,VA,0.14,0.07,0.05
Lexington city,VA,0.14,0.07,0.05
Lynchburg city,VA,0.14,0.07,0.05
Manassas city,VA,0.11,0.06,0.04
Manassas Park city,VA,0.11,0.06,0.04
Martinsville city,VA,0.14,0.07,0.05
Newport News city,VA,0.15,0.07,0.05
Norfolk city,VA,0.15,0.07,0.05
Norton city,VA,0.16,0.08,0.06
Petersburg city,VA,0.14,0.07,0.05
Poquoson city,VA,0.10,0.05,0.03
Portsmouth city,VA,0.14,0.07,0.04
Radford city,VA,0.13,0.06,0.04
Richmond city,VA,0.13,0.06,0.04
Roanoke city,VA,0.14,0.07,0.04
Salem city,VA,0.14,0.07,0.04
Staunton city,VA,0.14,0.07,0.05
Suffolk city,VA,0.13,0.06,0.04
Virginia Beach city,VA,0.11,0.05,0.04
Waynesboro city,VA,0.14,0.07,0.05
Williamsburg city,VA,0.10,0.05,0.03
Winchester city,VA,0.12,0.06,0.04
Adams,WA,0.12,0.07,0.05
Asotin,WA,0.12,0.07,0.05
Benton,WA,0.12,0.08,0.05
Chelan,WA,0.12,0.08,0.05
Clallam,WA,0.11,0.07,0.05
Clark,WA,0.12,0.08,0.06
Columbia,WA,0.12,0.07,0.05
Cowlitz,WA,0.13,0.08,0.06
Douglas,WA,0.12,0.08,0.05
Ferry,WA,0.14,0.09,0.07
Franklin,WA,0.13,0.08,0.06
Garfield,WA,0.12,0.07,0.05
Grant,WA,0.14,0.08,0.06
Grays Harbor,WA,0.13,0.08,0.06
Island,WA,0.11,0.07,0.05
Jefferson,WA,0.11,0.07,0.05
King,WA,0.09,0.06,0.04
Kitsap,WA,0.12,0.07,0.05
Kittitas,WA,0.14,0.08,0.06
Klickitat,WA,0.13,0.09,0.06
Lewis,WA,0.13,0.09,0.06
Lincoln,WA,0.12,0.07,0.05
Mason,WA,0.13,0.08,0.06
Okanogan,WA,0.14,0.09,0.07
Pacific,WA,0.13,0.08,0.06
Pend Oreille,WA,0.14,0.09,0.07
Pierce,WA,0.12,0.08,0.06
San Juan,WA,0.11,0.07,0.05
Skagit,WA,0.11,0.07,0.05
Skamania,WA,0.13,0.09,0.06
Snohomish,WA,0.11,0.07,0.05
Spokane,WA,0.13,0.08,0.06
Stevens,WA,0.14,0.09,0.07
Thurston,WA,0.12,0.08,0.05
Wahkiakum,WA,0.13,0.08,0.06
Walla Walla,WA,0.12,0.08,0.06
Whatcom,WA,0.12,0.07,0.05
Whitman,WA,0.12,0.07,0.05
Yakima,WA,0.13,0.08,0.06
Barbour,WV,0.16,0.10,0.08
Berkeley,WV,0.14,0.09,0.07
Boone,WV,0.16,0.10,0.08
Braxton,WV,0.17,0.11,0.08
Brooke,WV,0.14,0.09,0.07
Cabell,WV,0.16,0.10,0.08
Calhoun,WV,0.17,0.11,0.08
Clay,WV,0.15,0.10,0.07
Doddridge,WV,0.15,0.10,0.08
Fayette,WV,0.16,0.10,0.08
Gilmer,WV,0.17,0.11,0.08
Grant,WV,0.16,0.10,0.08
Greenbrier,WV,0.16,0.10,0.08
Hampshire,WV,0.14,0.09,0.07
Hancock,WV,0.14,0.09,0.07
Hardy,WV,0.16,0.10,0.08
Harrison,WV,0.15,0.10,0.08
Jackson,WV,0.17,0.11,0.08
Jefferson,WV,0.14,0.09,0.07
Kanawha,WV,0.15,0.10,0.07
Lewis,WV,0.16,0.10,0.08
Lincoln,WV,0.16,0.10,0.08
Logan,WV,0.18,0.12,0.09
McDowell,WV,0.18,0.12,0.09
Marion,WV,0.15,0.10,0.08
Marshall,WV,0.14,0.09,0.07
Mason,WV,0.16,0.10,0.08
Mercer,WV,0.16,0.10,0.08
Mineral,WV,0.14,0.09,0.07
Mingo,WV,0.18,0.12,0.09
Monongalia,WV,0.14,0.09,0.07
Monroe,WV,0.16,0.10,0.08
Morgan,WV,0.14,0.09,0.07
Nicholas,WV,0.16,0.10,0.08
Ohio,WV,0.14,0.09,0.07
Pendleton,WV,0.16,0.10,0.08
Pleasants,WV,0.15,0.10,0.07
Pocahontas,WV,0.16,0.10,0.08
Preston,WV,0.14,0.09,0.07
Putnam,WV,0.16,0.10,0.08
Raleigh,WV,0.16,0.10,0.08
Randolph,WV,0.16,0.10,0.08
Ritchie,WV,0.17,0.11,0.08
Roane,WV,0.17,0.11,0.08
Summers,WV,0.16,0.10,0.08
Taylor,WV,0.15,0.10,0.08
Tucker,WV,0.16,0.10,0.08
Tyler,WV,0.17,0.11,0.08
Upshur,WV,0.16,0.10,0.08
Wayne,WV,0.16,0.10,0.08
Webster,WV,0.16,0.10,0.08
Wetzel,WV,0.17,0.11,0.08
Wirt,WV,0.15,0.10,0.07
Wood,WV,0.15,0.10,0.07
Wyoming,WV,0.18,0.12,0.09
Adams,WI,0.20,0.15,0.09
Ashland,WI,0.20,0.15,0.09
Barron,WI,0.22,0.16,0.10
Bayfield,WI,0.20,0.15,0.09
Brown,WI,0.20,0.15,0.09
Buffalo,WI,0.21,0.16,0.10
Burnett,WI,0.20,0.15,0.09
Calumet,WI,0.20,0.15,0.09
Chippewa,WI,0.20,0.15,0.09
Clark,WI,0.22,0.16,0.10
Columbia,WI,0.20,0.15,0.09
Crawford,WI,0.21,0.16,0.10
Dane,WI,0.16,0.12,0.07
Dodge,WI,0.20,0.16,0.09
Door,WI,0.20,0.15,0.09
Douglas,WI,0.20,0.15,0.09
Dunn,WI,0.19,0.14,0.09
Eau Claire,WI,0.20,0.15,0.09
Florence,WI,0.20,0.15,0.09
Fond du Lac,WI,0.20,0.15,0.09
Forest,WI,0.20,0.15,0.09
Grant,WI,0.21,0.16,0.09
Green,WI,0.21,0.16,0.09
Green Lake,WI,0.21,0.16,0.10
Iowa,WI,0.21,0.16,0.09
Iron,WI,0.20,0.15,0.09
Jackson,WI,0.21,0.16,0.10
Jefferson,WI,0.20,0.16,0.09
Juneau,WI,0.20,0.15,0.09
Kenosha,WI,0.20,0.15,0.09
Kewaunee,WI,0.20,0.15,0.09
La Crosse,WI,0.20,0.15,0.09
Lafayette,WI,0.21,0.16,0.09
Langlade,WI,0.20,0.15,0.09
Lincoln,WI,0.20,0.15,0.09
Manitowoc,WI,0.20,0.15,0.09
Marathon,WI,0.19,0.14,0.08
Marinette,WI,0.20,0.15,0.09
Marquette,WI,0.21,0.16,0.10
Menominee,WI,0.21,0.16,0.10
Milwaukee,WI,0.21,0.15,0.09
Monroe,WI,0.21,0.16,0.10
Oconto,WI,0.20,0.15,0.09
Oneida,WI,0.20,0.15,0.09
Outagamie,WI,0.20,0.15,0.09
Ozaukee,WI,0.17,0.13,0.08
Pepin,WI,0.21,0.16,0.10
Pierce,WI,0.21,0.16,0.10
Polk,WI,0.22,0.16,0.10
Portage,WI,0.20,0.15,0.09
Price,WI,0.20,0.15,0.09
Racine,WI,0.22,0.16,0.10
Richland,WI,0.21,0.16,0.09
Rock,WI,0.21,0.15,0.09
Rusk,WI,0.20,0.15,0.09
St. Croix,WI,0.19,0.14,0.09
Sauk,WI,0.20,0.15,0.09
Sawyer,WI,0.20,0.15,0.09
Shawano,WI,0.21,0.16,0.10
Sheboygan,WI,0.20,0.15,0.09
Taylor,WI,0.20,0.15,0.09
Trempealeau,WI,0.21,0.16,0.10
Vernon,WI,0.21,0.16,0.10
Vilas,WI,0.20,0.15,0.09
Walworth,WI,0.19,0.15,0.09
Washburn,WI,0.20,0.15,0.09
Washington,WI,0.17,0.13,0.08
Waukesha,WI,0.15,0.12,0.07
Waupaca,WI,0.21,0.16,0.10
Waushara,WI,0.21,0.16,0.10
Winnebago,WI,0.21,0.16,0.09
Wood,WI,0.20,0.15,0.09
Albany,WY,0.27,0.19,0.14
Big Horn,WY,0.27,0.21,0.15
Campbell,WY,0.29,0.23,0.17
Carbon,WY,0.29,0.23,0.16
Converse,WY,0.29,0.23,0.16
Crook,WY,0.29,0.23,0.17
Fremont,WY,0.28,0.22,0.16
Goshen,WY,0.29,0.23,0.17
Hot Springs,WY,0.28,0.22,0.16
Johnson,WY,0.29,0.23,0.17
Laramie,WY,0.27,0.19,0.14
Lincoln,WY,0.27,0.21,0.15
Natrona,WY,0.29,0.23,0.16
Niobrara,WY,0.29,0.23,0.17
Park,WY,0.27,0.21,0.15
Platte,WY,0.29,0.23,0.17
Sheridan,WY,0.27,0.21,0.15
Sublette,WY,0.28,0.22,0.16
Sweetwater,WY,0.28,0.22,0.16
Teton,WY,0.27,0.21,0.15
Uinta,WY,0.28,0.22,0.16
Washakie,WY,0.29,0.23,0.17
Weston,WY,0.29,0.23,0.17
